[
{
  "model": "wagtail_localize.translatableobject",
  "pk": "05374286-3c6c-4189-ada6-3530bc0e8063",
  "fields": {
    "content_type": [
      "wagtailcore",
      "page"
    ]
  }
},
{
  "model": "wagtail_localize.translatableobject",
  "pk": "0feb2505-4570-4109-8791-9713a835d36b",
  "fields": {
    "content_type": [
      "wagtailcore",
      "page"
    ]
  }
},
{
  "model": "wagtail_localize.translatableobject",
  "pk": "7956ac65-58cd-4cca-80a8-ad49101af572",
  "fields": {
    "content_type": [
      "wagtailcore",
      "page"
    ]
  }
},
{
  "model": "wagtail_localize.translationsource",
  "pk": 1,
  "fields": {
    "object": "05374286-3c6c-4189-ada6-3530bc0e8063",
    "specific_content_type": [
      "website",
      "homepage"
    ],
    "locale": 1,
    "object_repr": "Accueil",
    "content_json": "{\"pk\": 3, \"path\": \"00010002\", \"depth\": 2, \"numchild\": 1, \"translation_key\": \"05374286-3c6c-4189-ada6-3530bc0e8063\", \"locale\": 1, \"latest_revision\": 13, \"live\": true, \"has_unpublished_changes\": false, \"first_published_at\": \"2024-06-14T12:03:13.519Z\", \"last_published_at\": \"2024-06-20T09:55:00.387Z\", \"live_revision\": 13, \"go_live_at\": null, \"expire_at\": null, \"expired\": false, \"locked\": false, \"locked_at\": null, \"locked_by\": null, \"title\": \"Accueil\", \"draft_title\": \"Accueil\", \"slug\": \"homepage\", \"content_type\": 33, \"url_path\": \"/homepage/\", \"owner\": 1, \"seo_title\": \"\", \"show_in_menus\": false, \"search_description\": \"\", \"latest_revision_created_at\": \"2024-06-20T09:55:00.248Z\", \"alias_of\": null, \"about_me\": \"<p data-block-key=\\\"by500\\\">Passionn\\u00e9 par l\\u2019informatique, j\\u2019aime r\\u00e9aliser des projets innovants et captivants. J'appr\\u00e9cie tout particuli\\u00e8rement la cr\\u00e9ation de syst\\u00e8mes bien r\\u00e9fl\\u00e9chis, \\u00e9volutifs et poss\\u00e9dant un code de grande qualit\\u00e9. Je suis en effet \\u00e0 la recherche des meilleures solutions pour cr\\u00e9er des sites web scalables ou comment organiser la hi\\u00e9rarchie d'un projet pour qu\\u2019il y ait le moins de friction possibles. Tout cela m'int\\u00e9resse \\u00e9norm\\u00e9ment.</p><p data-block-key=\\\"9g5e9\\\">Je m'int\\u00e9resse aussi \\u00e0 l\\u2019\\u00e9lectronique. Je souhaite connaitre et comprendre toutes les couches des ordinateurs : du circuit \\u00e9lectronique au logiciel. J\\u2019aime l\\u2019id\\u00e9e d'optimiser des logiciels \\u00e0 ce point l\\u00e0, bien que pour des projets r\\u00e9els cela n\\u2019est pas envisageable. Simplement pour le d\\u00e9fi et afin de voir ce qui est possible, optimiser des syst\\u00e8mes m\\u00e9 fascine. Cela me permet de coder en \\u00e9tant conscient des probl\\u00e8mes d'optimisation et de performance.</p><p data-block-key=\\\"9dtgi\\\">Je suis aussi int\\u00e9ress\\u00e9 par le d\\u00e9ploiement d'applications continu, les serveurs et la s\\u00e9curit\\u00e9, internet et cr\\u00e9er des r\\u00e9seaux redondant, stable et de qualit\\u00e9, linux.</p>\", \"timeline\": \"[{\\\"id\\\": \\\"e6a90429-94ba-49df-b7c9-4a3ca3acfffb\\\", \\\"type\\\": \\\"Event\\\", \\\"value\\\": {\\\"year\\\": \\\"2022 - 2027\\\", \\\"title\\\": \\\"Polytech Nantes - Ing\\\\u00e9nieur en Electronique et Technologies Num\\\\u00e9riques\\\", \\\"description\\\": \\\"<p data-block-key=\\\\\\\"p9mid\\\\\\\">oui</p>\\\"}}]\", \"passions\": \"[{\\\"id\\\": \\\"0bb5f174-73ac-47df-ad42-7354fceb004f\\\", \\\"type\\\": \\\"Passion\\\", \\\"value\\\": {\\\"title\\\": \\\"voitures\\\", \\\"content\\\": \\\"<p data-block-key=\\\\\\\"30glt\\\\\\\">oui</p>\\\"}}]\", \"wagtail_admin_comments\": []}",
    "schema_version": "0005_footer",
    "created_at": "2024-06-17T10:12:42.213Z",
    "last_updated_at": "2024-06-20T09:55:32.637Z"
  }
},
{
  "model": "wagtail_localize.translationsource",
  "pk": 2,
  "fields": {
    "object": "0feb2505-4570-4109-8791-9713a835d36b",
    "specific_content_type": [
      "project",
      "projectspage"
    ],
    "locale": 1,
    "object_repr": "Projets",
    "content_json": "{\"pk\": 4, \"path\": \"000100020001\", \"depth\": 3, \"numchild\": 1, \"translation_key\": \"0feb2505-4570-4109-8791-9713a835d36b\", \"locale\": 1, \"latest_revision\": 17, \"live\": true, \"has_unpublished_changes\": false, \"first_published_at\": \"2024-06-14T12:04:17.129Z\", \"last_published_at\": \"2024-06-20T14:34:34.247Z\", \"live_revision\": 17, \"go_live_at\": null, \"expire_at\": null, \"expired\": false, \"locked\": false, \"locked_at\": null, \"locked_by\": null, \"title\": \"Projets\", \"draft_title\": \"Projets\", \"slug\": \"projects\", \"content_type\": 34, \"url_path\": \"/homepage/projects/\", \"owner\": 1, \"seo_title\": \"\", \"show_in_menus\": false, \"search_description\": \"\", \"latest_revision_created_at\": \"2024-06-20T14:34:34.155Z\", \"alias_of\": null, \"wagtail_admin_comments\": []}",
    "schema_version": "0003_alter_projectpage_repo_link_and_more",
    "created_at": "2024-06-20T14:35:28.484Z",
    "last_updated_at": "2024-06-20T14:35:28.480Z"
  }
},
{
  "model": "wagtail_localize.translationsource",
  "pk": 3,
  "fields": {
    "object": "7956ac65-58cd-4cca-80a8-ad49101af572",
    "specific_content_type": [
      "project",
      "projectpage"
    ],
    "locale": 1,
    "object_repr": "You Will Eat  : Recommandation de plats prenant en compte l'activité physique pour les étudiants",
    "content_json": "{\"pk\": 5, \"path\": \"0001000200010001\", \"depth\": 4, \"numchild\": 0, \"translation_key\": \"7956ac65-58cd-4cca-80a8-ad49101af572\", \"locale\": 1, \"latest_revision\": 6, \"live\": true, \"has_unpublished_changes\": false, \"first_published_at\": \"2024-06-14T12:05:05.624Z\", \"last_published_at\": \"2024-06-15T19:37:36.575Z\", \"live_revision\": 6, \"go_live_at\": null, \"expire_at\": null, \"expired\": false, \"locked\": false, \"locked_at\": null, \"locked_by\": null, \"title\": \"You Will Eat  : Recommandation de plats prenant en compte l'activit\\u00e9 physique pour les \\u00e9tudiants\", \"draft_title\": \"You Will Eat  : Recommandation de plats prenant en compte l'activit\\u00e9 physique pour les \\u00e9tudiants\", \"slug\": \"you-will-eat\", \"content_type\": 35, \"url_path\": \"/homepage/projects/you-will-eat/\", \"owner\": 1, \"seo_title\": \"\", \"show_in_menus\": false, \"search_description\": \"\", \"latest_revision_created_at\": \"2024-06-15T19:37:36.495Z\", \"alias_of\": null, \"description\": \"<p data-block-key=\\\"c8zr2\\\">You will Eat est un projet universitaire r\\u00e9alis\\u00e9 lors de l\\u2019ann\\u00e9e 2023-2024 dans le cadre de la Conf\\u00e9rence PeiP 2024. YWE est une application de recommandation de repas prenant en compte vos go\\u00fbts, vos d\\u00e9penses \\u00e9nerg\\u00e9tiques et la salubrit\\u00e9 des plats. L\\u2019application communique avec un serveur o\\u00f9 est ex\\u00e9cut\\u00e9 l\\u2019algorithme de recommandation et o\\u00f9 est stock\\u00e9e les donn\\u00e9es. La communication entre les deux est r\\u00e9alis\\u00e9e par une API FastAPI. Des tests unitaires et d\\u00e9ploiement automatique avec ansible ont \\u00e9t\\u00e9 mis en place pour le code de l\\u2019API. L'application est en Flutter. L\\u2019application communique avec une montre connect\\u00e9e estimant les d\\u00e9penses \\u00e9nerg\\u00e9tiques en Bluetooth low energy. La montre est un ESP32 avec un acc\\u00e9l\\u00e9rom\\u00e8tre et un \\u00e9cran.</p><p data-block-key=\\\"jvd9\\\">L\\u2019algorithme de recommandation et les notions nutritionnelles utilis\\u00e9es dans le programme sont bas\\u00e9s sur de multiples papiers scientifiques et nutritionnistes.</p><p data-block-key=\\\"4sl1k\\\">J\\u2019ai \\u00e9t\\u00e9 le chef de projet et j\\u2019ai g\\u00e9r\\u00e9 11 autres personnes pour le bon d\\u00e9veloppement de YWE ainsi qu\\u2019une partie du d\\u00e9veloppement informatique.</p>\", \"image\": 1, \"technologies\": \"[{\\\"id\\\": \\\"9d656b3c-42c6-4246-bd47-afad2adc12f5\\\", \\\"type\\\": \\\"Technology\\\", \\\"value\\\": \\\"Flutter\\\"}, {\\\"id\\\": \\\"275135df-c59c-4a07-a349-902f9d51b96e\\\", \\\"type\\\": \\\"Technology\\\", \\\"value\\\": \\\"FastAPI\\\"}, {\\\"id\\\": \\\"7f350249-c6dc-44f9-b897-7249dd196565\\\", \\\"type\\\": \\\"Technology\\\", \\\"value\\\": \\\"Python\\\"}, {\\\"id\\\": \\\"2e6cf475-24b5-4148-827e-db068ff1a84a\\\", \\\"type\\\": \\\"Technology\\\", \\\"value\\\": \\\"Ansible\\\"}, {\\\"id\\\": \\\"aad33c96-1910-47ea-af55-fcacbc8c2655\\\", \\\"type\\\": \\\"Technology\\\", \\\"value\\\": \\\"ESP32\\\"}, {\\\"id\\\": \\\"08d2855a-4b58-47d0-9de0-e36742fbddaf\\\", \\\"type\\\": \\\"Technology\\\", \\\"value\\\": \\\"BLE\\\"}]\", \"website_link\": null, \"repo_link\": null, \"show_on_home_page\": true, \"wagtail_admin_comments\": []}",
    "schema_version": "0003_alter_projectpage_repo_link_and_more",
    "created_at": "2024-06-20T14:35:28.847Z",
    "last_updated_at": "2024-06-20T14:35:28.842Z"
  }
},
{
  "model": "wagtail_localize.translation",
  "pk": 1,
  "fields": {
    "uuid": "c94f762b-1290-42eb-8a9d-c4db10bc29a3",
    "source": 1,
    "target_locale": 2,
    "created_at": "2024-06-17T10:12:42.507Z",
    "translations_last_updated_at": null,
    "destination_last_updated_at": null,
    "enabled": true
  }
},
{
  "model": "wagtail_localize.translation",
  "pk": 2,
  "fields": {
    "uuid": "b543f333-ef30-41b5-b08d-50d26f4badd6",
    "source": 2,
    "target_locale": 2,
    "created_at": "2024-06-20T14:35:28.606Z",
    "translations_last_updated_at": null,
    "destination_last_updated_at": null,
    "enabled": true
  }
},
{
  "model": "wagtail_localize.translation",
  "pk": 3,
  "fields": {
    "uuid": "d4e8c737-915a-4534-80e7-2b8a336b8caa",
    "source": 3,
    "target_locale": 2,
    "created_at": "2024-06-20T14:35:29.089Z",
    "translations_last_updated_at": null,
    "destination_last_updated_at": null,
    "enabled": true
  }
},
{
  "model": "wagtail_localize.translationlog",
  "pk": 1,
  "fields": {
    "source": 1,
    "locale": 2,
    "created_at": "2024-06-17T10:12:42.742Z",
    "revision": 9
  }
},
{
  "model": "wagtail_localize.translationlog",
  "pk": 2,
  "fields": {
    "source": 1,
    "locale": 2,
    "created_at": "2024-06-17T10:13:31.499Z",
    "revision": 10
  }
},
{
  "model": "wagtail_localize.translationlog",
  "pk": 3,
  "fields": {
    "source": 1,
    "locale": 2,
    "created_at": "2024-06-19T16:54:12.484Z",
    "revision": 12
  }
},
{
  "model": "wagtail_localize.translationlog",
  "pk": 4,
  "fields": {
    "source": 1,
    "locale": 2,
    "created_at": "2024-06-20T09:55:12.631Z",
    "revision": 14
  }
},
{
  "model": "wagtail_localize.translationlog",
  "pk": 5,
  "fields": {
    "source": 1,
    "locale": 2,
    "created_at": "2024-06-20T09:55:20.929Z",
    "revision": 15
  }
},
{
  "model": "wagtail_localize.translationlog",
  "pk": 6,
  "fields": {
    "source": 1,
    "locale": 2,
    "created_at": "2024-06-20T09:56:04.014Z",
    "revision": 16
  }
},
{
  "model": "wagtail_localize.translationlog",
  "pk": 7,
  "fields": {
    "source": 2,
    "locale": 2,
    "created_at": "2024-06-20T14:35:28.817Z",
    "revision": 19
  }
},
{
  "model": "wagtail_localize.translationlog",
  "pk": 8,
  "fields": {
    "source": 3,
    "locale": 2,
    "created_at": "2024-06-20T14:35:29.271Z",
    "revision": 21
  }
},
{
  "model": "wagtail_localize.translationlog",
  "pk": 9,
  "fields": {
    "source": 2,
    "locale": 2,
    "created_at": "2024-06-20T14:36:54.623Z",
    "revision": 22
  }
},
{
  "model": "wagtail_localize.string",
  "pk": 1,
  "fields": {
    "locale": 1,
    "data_hash": "d282136c-faf0-5076-aa15-cf0e9927d490",
    "data": "HomePage"
  }
},
{
  "model": "wagtail_localize.string",
  "pk": 2,
  "fields": {
    "locale": 1,
    "data_hash": "6e809996-5019-5b75-9a4d-660a0ad540ed",
    "data": "homepage"
  }
},
{
  "model": "wagtail_localize.string",
  "pk": 3,
  "fields": {
    "locale": 1,
    "data_hash": "f35a7143-bd9b-5b5e-81ab-604e6901cf68",
    "data": "Passionné par l’informatique, j’aime réaliser des projets innovants et captivants. J'apprécie tout particulièrement la création de systèmes bien réfléchis, évolutifs et possédant un code de grande qualité. Je suis en effet à la recherche des meilleures solutions pour créer des sites web scalables ou comment organiser la hiérarchie d'un projet pour qu’il y ait le moins de friction possibles. Tout cela m'intéresse énormément."
  }
},
{
  "model": "wagtail_localize.string",
  "pk": 4,
  "fields": {
    "locale": 1,
    "data_hash": "8239817f-5b6a-58d9-aaec-b8c30fb01f4d",
    "data": "Je m'intéresse aussi à l’électronique. Je souhaite connaitre et comprendre toutes les couches des ordinateurs : du circuit électronique au logiciel. J’aime l’idée d'optimiser des logiciels à ce point là, bien que pour des projets réels cela n’est pas envisageable. Simplement pour le défi et afin de voir ce qui est possible, optimiser des systèmes mé fascine. Cela me permet de coder en étant conscient des problèmes d'optimisation et de performance."
  }
},
{
  "model": "wagtail_localize.string",
  "pk": 5,
  "fields": {
    "locale": 1,
    "data_hash": "06b3cec8-c57b-5906-a63d-9af666ee0f65",
    "data": "Je suis aussi intéressé par le déploiement d'applications continu, les serveurs et la sécurité, internet et créer des réseaux redondant, stable et de qualité, linux."
  }
},
{
  "model": "wagtail_localize.string",
  "pk": 6,
  "fields": {
    "locale": 1,
    "data_hash": "1a5b95df-4124-5ba4-be76-a13b18229d45",
    "data": "qsd"
  }
},
{
  "model": "wagtail_localize.string",
  "pk": 7,
  "fields": {
    "locale": 1,
    "data_hash": "8c529b12-b545-5c2d-af93-da17e8f37ab9",
    "data": "2010"
  }
},
{
  "model": "wagtail_localize.string",
  "pk": 8,
  "fields": {
    "locale": 1,
    "data_hash": "fc7a7f4b-7656-5358-857e-a0fdcfcb2146",
    "data": "voitures"
  }
},
{
  "model": "wagtail_localize.string",
  "pk": 9,
  "fields": {
    "locale": 1,
    "data_hash": "3a1e89ae-9523-5f19-a799-5b2514397964",
    "data": "oui"
  }
},
{
  "model": "wagtail_localize.string",
  "pk": 10,
  "fields": {
    "locale": 1,
    "data_hash": "e33787e7-b3a0-5f80-94d2-a0fe16a1b099",
    "data": "Polytech Nantes - Ingénieur en Electronique et Technologies Numériques"
  }
},
{
  "model": "wagtail_localize.string",
  "pk": 11,
  "fields": {
    "locale": 1,
    "data_hash": "887f1500-24ef-51b7-b6fe-60770af5722c",
    "data": "2022 - 2027"
  }
},
{
  "model": "wagtail_localize.string",
  "pk": 12,
  "fields": {
    "locale": 1,
    "data_hash": "0aad854d-d02e-57f1-a53b-9e07f59e21ce",
    "data": "Accueil"
  }
},
{
  "model": "wagtail_localize.string",
  "pk": 13,
  "fields": {
    "locale": 1,
    "data_hash": "304ecefa-4b55-51c5-929e-e100a33a3f94",
    "data": "Projets"
  }
},
{
  "model": "wagtail_localize.string",
  "pk": 14,
  "fields": {
    "locale": 1,
    "data_hash": "70312726-a627-5f1d-afcc-c14a16ffb7a7",
    "data": "projects"
  }
},
{
  "model": "wagtail_localize.string",
  "pk": 15,
  "fields": {
    "locale": 1,
    "data_hash": "6c5ee979-3a6d-51c2-bb7f-82b3d044ecbc",
    "data": "You Will Eat  : Recommandation de plats prenant en compte l'activité physique pour les étudiants"
  }
},
{
  "model": "wagtail_localize.string",
  "pk": 16,
  "fields": {
    "locale": 1,
    "data_hash": "b9fd4bfe-f8ac-5539-9461-e996aaf0184f",
    "data": "you-will-eat"
  }
},
{
  "model": "wagtail_localize.string",
  "pk": 17,
  "fields": {
    "locale": 1,
    "data_hash": "30f2f183-bdd8-534e-b7dd-a89ab04c183c",
    "data": "You will Eat est un projet universitaire réalisé lors de l’année 2023-2024 dans le cadre de la Conférence PeiP 2024. YWE est une application de recommandation de repas prenant en compte vos goûts, vos dépenses énergétiques et la salubrité des plats. L’application communique avec un serveur où est exécuté l’algorithme de recommandation et où est stockée les données. La communication entre les deux est réalisée par une API FastAPI. Des tests unitaires et déploiement automatique avec ansible ont été mis en place pour le code de l’API. L'application est en Flutter. L’application communique avec une montre connectée estimant les dépenses énergétiques en Bluetooth low energy. La montre est un ESP32 avec un accéléromètre et un écran."
  }
},
{
  "model": "wagtail_localize.string",
  "pk": 18,
  "fields": {
    "locale": 1,
    "data_hash": "df667fc9-a4d3-51a4-bbba-02b40ea574b4",
    "data": "L’algorithme de recommandation et les notions nutritionnelles utilisées dans le programme sont basés sur de multiples papiers scientifiques et nutritionnistes."
  }
},
{
  "model": "wagtail_localize.string",
  "pk": 19,
  "fields": {
    "locale": 1,
    "data_hash": "3a5e3d84-7e02-5587-b05a-f0e981e96b31",
    "data": "J’ai été le chef de projet et j’ai géré 11 autres personnes pour le bon développement de YWE ainsi qu’une partie du développement informatique."
  }
},
{
  "model": "wagtail_localize.string",
  "pk": 20,
  "fields": {
    "locale": 1,
    "data_hash": "56609fb7-aa30-59c9-80a2-750f07de83a9",
    "data": "Flutter"
  }
},
{
  "model": "wagtail_localize.string",
  "pk": 21,
  "fields": {
    "locale": 1,
    "data_hash": "01de13be-9a23-52c4-8513-86aa38874731",
    "data": "FastAPI"
  }
},
{
  "model": "wagtail_localize.string",
  "pk": 22,
  "fields": {
    "locale": 1,
    "data_hash": "d3bef42d-8d1a-5b66-a01e-60989b9456d3",
    "data": "Python"
  }
},
{
  "model": "wagtail_localize.string",
  "pk": 23,
  "fields": {
    "locale": 1,
    "data_hash": "97ec247b-4618-5c5d-b327-d65f45635e13",
    "data": "Ansible"
  }
},
{
  "model": "wagtail_localize.string",
  "pk": 24,
  "fields": {
    "locale": 1,
    "data_hash": "ca3bab56-edca-5144-8273-3dd3ae844f8b",
    "data": "ESP32"
  }
},
{
  "model": "wagtail_localize.string",
  "pk": 25,
  "fields": {
    "locale": 1,
    "data_hash": "97095413-b094-53b4-aa3b-25285961218a",
    "data": "BLE"
  }
},
{
  "model": "wagtail_localize.translationcontext",
  "pk": 1,
  "fields": {
    "object": "05374286-3c6c-4189-ada6-3530bc0e8063",
    "path_id": "f749566c-8a06-5c72-89b8-682e4e49f74f",
    "path": "title",
    "field_path": "title"
  }
},
{
  "model": "wagtail_localize.translationcontext",
  "pk": 2,
  "fields": {
    "object": "05374286-3c6c-4189-ada6-3530bc0e8063",
    "path_id": "d71ad27b-d7c2-5061-865d-752015b09e05",
    "path": "slug",
    "field_path": "slug"
  }
},
{
  "model": "wagtail_localize.translationcontext",
  "pk": 3,
  "fields": {
    "object": "05374286-3c6c-4189-ada6-3530bc0e8063",
    "path_id": "8761b9e2-4960-559d-bca0-3954ae18b7fd",
    "path": "about_me",
    "field_path": "about_me"
  }
},
{
  "model": "wagtail_localize.translationcontext",
  "pk": 4,
  "fields": {
    "object": "05374286-3c6c-4189-ada6-3530bc0e8063",
    "path_id": "9f603d5a-75d4-5227-b9d8-c8383f3e4154",
    "path": "timeline.e6a90429-94ba-49df-b7c9-4a3ca3acfffb.title",
    "field_path": "timeline.Event.title"
  }
},
{
  "model": "wagtail_localize.translationcontext",
  "pk": 5,
  "fields": {
    "object": "05374286-3c6c-4189-ada6-3530bc0e8063",
    "path_id": "37ba72cb-317e-5989-b430-3c6a36b9de56",
    "path": "timeline.e6a90429-94ba-49df-b7c9-4a3ca3acfffb.year",
    "field_path": "timeline.Event.year"
  }
},
{
  "model": "wagtail_localize.translationcontext",
  "pk": 6,
  "fields": {
    "object": "05374286-3c6c-4189-ada6-3530bc0e8063",
    "path_id": "8576b98b-e8d2-549d-adb2-6dae713f706d",
    "path": "passions.0bb5f174-73ac-47df-ad42-7354fceb004f.title",
    "field_path": "passions.Passion.title"
  }
},
{
  "model": "wagtail_localize.translationcontext",
  "pk": 7,
  "fields": {
    "object": "05374286-3c6c-4189-ada6-3530bc0e8063",
    "path_id": "da507ed7-4f10-54fa-8212-5e1f99fb0bc9",
    "path": "passions.0bb5f174-73ac-47df-ad42-7354fceb004f.content",
    "field_path": "passions.Passion.content"
  }
},
{
  "model": "wagtail_localize.translationcontext",
  "pk": 8,
  "fields": {
    "object": "05374286-3c6c-4189-ada6-3530bc0e8063",
    "path_id": "d9a9e01d-7925-5023-9afb-3f84a0819288",
    "path": "timeline.e6a90429-94ba-49df-b7c9-4a3ca3acfffb.description",
    "field_path": "timeline.Event.description"
  }
},
{
  "model": "wagtail_localize.translationcontext",
  "pk": 9,
  "fields": {
    "object": "0feb2505-4570-4109-8791-9713a835d36b",
    "path_id": "f749566c-8a06-5c72-89b8-682e4e49f74f",
    "path": "title",
    "field_path": "title"
  }
},
{
  "model": "wagtail_localize.translationcontext",
  "pk": 10,
  "fields": {
    "object": "0feb2505-4570-4109-8791-9713a835d36b",
    "path_id": "d71ad27b-d7c2-5061-865d-752015b09e05",
    "path": "slug",
    "field_path": "slug"
  }
},
{
  "model": "wagtail_localize.translationcontext",
  "pk": 11,
  "fields": {
    "object": "7956ac65-58cd-4cca-80a8-ad49101af572",
    "path_id": "f749566c-8a06-5c72-89b8-682e4e49f74f",
    "path": "title",
    "field_path": "title"
  }
},
{
  "model": "wagtail_localize.translationcontext",
  "pk": 12,
  "fields": {
    "object": "7956ac65-58cd-4cca-80a8-ad49101af572",
    "path_id": "d71ad27b-d7c2-5061-865d-752015b09e05",
    "path": "slug",
    "field_path": "slug"
  }
},
{
  "model": "wagtail_localize.translationcontext",
  "pk": 13,
  "fields": {
    "object": "7956ac65-58cd-4cca-80a8-ad49101af572",
    "path_id": "b8f6e20c-fbce-5753-9603-ea9612ddc5cd",
    "path": "description",
    "field_path": "description"
  }
},
{
  "model": "wagtail_localize.translationcontext",
  "pk": 14,
  "fields": {
    "object": "7956ac65-58cd-4cca-80a8-ad49101af572",
    "path_id": "aad54af8-cd72-5072-892c-f356124c5122",
    "path": "image",
    "field_path": "image"
  }
},
{
  "model": "wagtail_localize.translationcontext",
  "pk": 15,
  "fields": {
    "object": "7956ac65-58cd-4cca-80a8-ad49101af572",
    "path_id": "b8a27a26-14dc-5994-b2c0-1b6355baef16",
    "path": "technologies.9d656b3c-42c6-4246-bd47-afad2adc12f5",
    "field_path": "technologies.Technology"
  }
},
{
  "model": "wagtail_localize.translationcontext",
  "pk": 16,
  "fields": {
    "object": "7956ac65-58cd-4cca-80a8-ad49101af572",
    "path_id": "76f8cf51-b50d-5a15-891b-196c0f86539f",
    "path": "technologies.275135df-c59c-4a07-a349-902f9d51b96e",
    "field_path": "technologies.Technology"
  }
},
{
  "model": "wagtail_localize.translationcontext",
  "pk": 17,
  "fields": {
    "object": "7956ac65-58cd-4cca-80a8-ad49101af572",
    "path_id": "556ef350-60b9-5945-8c8f-6e9b7f8a21b7",
    "path": "technologies.7f350249-c6dc-44f9-b897-7249dd196565",
    "field_path": "technologies.Technology"
  }
},
{
  "model": "wagtail_localize.translationcontext",
  "pk": 18,
  "fields": {
    "object": "7956ac65-58cd-4cca-80a8-ad49101af572",
    "path_id": "e3a8f0fc-9996-5325-9375-f140b091618b",
    "path": "technologies.2e6cf475-24b5-4148-827e-db068ff1a84a",
    "field_path": "technologies.Technology"
  }
},
{
  "model": "wagtail_localize.translationcontext",
  "pk": 19,
  "fields": {
    "object": "7956ac65-58cd-4cca-80a8-ad49101af572",
    "path_id": "fd47a98c-8c7a-5d8f-8cbe-5e131e1c7f2c",
    "path": "technologies.aad33c96-1910-47ea-af55-fcacbc8c2655",
    "field_path": "technologies.Technology"
  }
},
{
  "model": "wagtail_localize.translationcontext",
  "pk": 20,
  "fields": {
    "object": "7956ac65-58cd-4cca-80a8-ad49101af572",
    "path_id": "195000c6-ee4e-5876-a335-93dd11cb4c21",
    "path": "technologies.08d2855a-4b58-47d0-9de0-e36742fbddaf",
    "field_path": "technologies.Technology"
  }
},
{
  "model": "wagtail_localize.stringtranslation",
  "pk": 1,
  "fields": {
    "translation_of": 3,
    "locale": 2,
    "context": 3,
    "data": "english Passionné par l’informatique, j’aime réaliser des projets innovants et captivants. J'apprécie tout particulièrement la création de systèmes bien réfléchis, évolutifs et possédant un code de grande qualité. Je suis en effet à la recherche des meilleures solutions pour créer des sites web scalables ou comment organiser la hiérarchie d'un projet pour qu’il y ait le moins de friction possibles. Tout cela m'intéresse énormément.",
    "translation_type": "manual",
    "tool_name": "",
    "last_translated_by": [
      "greg"
    ],
    "created_at": "2024-06-17T10:13:11.378Z",
    "updated_at": "2024-06-17T10:13:11.378Z",
    "has_error": false,
    "field_error": ""
  }
},
{
  "model": "wagtail_localize.stringtranslation",
  "pk": 2,
  "fields": {
    "translation_of": 12,
    "locale": 2,
    "context": 1,
    "data": "Home",
    "translation_type": "manual",
    "tool_name": "",
    "last_translated_by": [
      "greg"
    ],
    "created_at": "2024-06-20T09:55:58.738Z",
    "updated_at": "2024-06-20T09:55:58.738Z",
    "has_error": false,
    "field_error": ""
  }
},
{
  "model": "wagtail_localize.stringtranslation",
  "pk": 3,
  "fields": {
    "translation_of": 13,
    "locale": 2,
    "context": 9,
    "data": "Projects",
    "translation_type": "manual",
    "tool_name": "",
    "last_translated_by": [
      "greg"
    ],
    "created_at": "2024-06-20T14:35:40.296Z",
    "updated_at": "2024-06-20T14:35:40.296Z",
    "has_error": false,
    "field_error": ""
  }
},
{
  "model": "wagtail_localize.template",
  "pk": 1,
  "fields": {
    "uuid": "c7f30275-922e-566f-a92b-9229495622a3",
    "template": "<p data-block-key=\"by500\"><text position=\"0\"></text> </p><p data-block-key=\"9g5e9\"><text position=\"1\"></text></p><p data-block-key=\"9dtgi\"><text position=\"2\"></text> </p>",
    "template_format": "html",
    "string_count": 3
  }
},
{
  "model": "wagtail_localize.template",
  "pk": 2,
  "fields": {
    "uuid": "6b978454-ff98-5f86-9ba9-62d47136be2d",
    "template": "<p data-block-key=\"30glt\"><text position=\"0\"></text></p>",
    "template_format": "html",
    "string_count": 1
  }
},
{
  "model": "wagtail_localize.template",
  "pk": 3,
  "fields": {
    "uuid": "e53279b2-4554-5fad-8e53-4f3973d727f1",
    "template": "<p data-block-key=\"by500\"><text position=\"0\"></text></p><p data-block-key=\"9g5e9\"><text position=\"1\"></text></p><p data-block-key=\"9dtgi\"><text position=\"2\"></text></p>",
    "template_format": "html",
    "string_count": 3
  }
},
{
  "model": "wagtail_localize.template",
  "pk": 4,
  "fields": {
    "uuid": "bfa9ae57-933b-5e51-be06-57df011c782d",
    "template": "<p data-block-key=\"p9mid\"><text position=\"0\"></text></p>",
    "template_format": "html",
    "string_count": 1
  }
},
{
  "model": "wagtail_localize.template",
  "pk": 5,
  "fields": {
    "uuid": "62b0b9f4-d3aa-562b-83eb-a9cbcb59eba9",
    "template": "<p data-block-key=\"c8zr2\"><text position=\"0\"></text></p><p data-block-key=\"jvd9\"><text position=\"1\"></text></p><p data-block-key=\"4sl1k\"><text position=\"2\"></text></p>",
    "template_format": "html",
    "string_count": 3
  }
},
{
  "model": "wagtail_localize.stringsegment",
  "pk": 2,
  "fields": {
    "source": 1,
    "context": 2,
    "order": 2,
    "string": 2,
    "attrs": "null"
  }
},
{
  "model": "wagtail_localize.stringsegment",
  "pk": 3,
  "fields": {
    "source": 1,
    "context": 3,
    "order": 4,
    "string": 3,
    "attrs": "null"
  }
},
{
  "model": "wagtail_localize.stringsegment",
  "pk": 4,
  "fields": {
    "source": 1,
    "context": 3,
    "order": 5,
    "string": 4,
    "attrs": "null"
  }
},
{
  "model": "wagtail_localize.stringsegment",
  "pk": 5,
  "fields": {
    "source": 1,
    "context": 3,
    "order": 6,
    "string": 5,
    "attrs": "null"
  }
},
{
  "model": "wagtail_localize.stringsegment",
  "pk": 10,
  "fields": {
    "source": 1,
    "context": 4,
    "order": 7,
    "string": 10,
    "attrs": "null"
  }
},
{
  "model": "wagtail_localize.stringsegment",
  "pk": 11,
  "fields": {
    "source": 1,
    "context": 5,
    "order": 8,
    "string": 11,
    "attrs": "null"
  }
},
{
  "model": "wagtail_localize.stringsegment",
  "pk": 12,
  "fields": {
    "source": 1,
    "context": 8,
    "order": 10,
    "string": 9,
    "attrs": "null"
  }
},
{
  "model": "wagtail_localize.stringsegment",
  "pk": 13,
  "fields": {
    "source": 1,
    "context": 6,
    "order": 11,
    "string": 8,
    "attrs": "null"
  }
},
{
  "model": "wagtail_localize.stringsegment",
  "pk": 14,
  "fields": {
    "source": 1,
    "context": 7,
    "order": 13,
    "string": 9,
    "attrs": "null"
  }
},
{
  "model": "wagtail_localize.stringsegment",
  "pk": 15,
  "fields": {
    "source": 1,
    "context": 1,
    "order": 1,
    "string": 12,
    "attrs": "null"
  }
},
{
  "model": "wagtail_localize.stringsegment",
  "pk": 16,
  "fields": {
    "source": 2,
    "context": 9,
    "order": 1,
    "string": 13,
    "attrs": "null"
  }
},
{
  "model": "wagtail_localize.stringsegment",
  "pk": 17,
  "fields": {
    "source": 2,
    "context": 10,
    "order": 2,
    "string": 14,
    "attrs": "null"
  }
},
{
  "model": "wagtail_localize.stringsegment",
  "pk": 18,
  "fields": {
    "source": 3,
    "context": 11,
    "order": 1,
    "string": 15,
    "attrs": "null"
  }
},
{
  "model": "wagtail_localize.stringsegment",
  "pk": 19,
  "fields": {
    "source": 3,
    "context": 12,
    "order": 2,
    "string": 16,
    "attrs": "null"
  }
},
{
  "model": "wagtail_localize.stringsegment",
  "pk": 20,
  "fields": {
    "source": 3,
    "context": 13,
    "order": 4,
    "string": 17,
    "attrs": "null"
  }
},
{
  "model": "wagtail_localize.stringsegment",
  "pk": 21,
  "fields": {
    "source": 3,
    "context": 13,
    "order": 5,
    "string": 18,
    "attrs": "null"
  }
},
{
  "model": "wagtail_localize.stringsegment",
  "pk": 22,
  "fields": {
    "source": 3,
    "context": 13,
    "order": 6,
    "string": 19,
    "attrs": "null"
  }
},
{
  "model": "wagtail_localize.stringsegment",
  "pk": 23,
  "fields": {
    "source": 3,
    "context": 15,
    "order": 8,
    "string": 20,
    "attrs": "null"
  }
},
{
  "model": "wagtail_localize.stringsegment",
  "pk": 24,
  "fields": {
    "source": 3,
    "context": 16,
    "order": 9,
    "string": 21,
    "attrs": "null"
  }
},
{
  "model": "wagtail_localize.stringsegment",
  "pk": 25,
  "fields": {
    "source": 3,
    "context": 17,
    "order": 10,
    "string": 22,
    "attrs": "null"
  }
},
{
  "model": "wagtail_localize.stringsegment",
  "pk": 26,
  "fields": {
    "source": 3,
    "context": 18,
    "order": 11,
    "string": 23,
    "attrs": "null"
  }
},
{
  "model": "wagtail_localize.stringsegment",
  "pk": 27,
  "fields": {
    "source": 3,
    "context": 19,
    "order": 12,
    "string": 24,
    "attrs": "null"
  }
},
{
  "model": "wagtail_localize.stringsegment",
  "pk": 28,
  "fields": {
    "source": 3,
    "context": 20,
    "order": 13,
    "string": 25,
    "attrs": "null"
  }
},
{
  "model": "wagtail_localize.templatesegment",
  "pk": 3,
  "fields": {
    "source": 1,
    "context": 3,
    "order": 3,
    "template": 3
  }
},
{
  "model": "wagtail_localize.templatesegment",
  "pk": 4,
  "fields": {
    "source": 1,
    "context": 8,
    "order": 9,
    "template": 4
  }
},
{
  "model": "wagtail_localize.templatesegment",
  "pk": 5,
  "fields": {
    "source": 1,
    "context": 7,
    "order": 12,
    "template": 2
  }
},
{
  "model": "wagtail_localize.templatesegment",
  "pk": 6,
  "fields": {
    "source": 3,
    "context": 13,
    "order": 3,
    "template": 5
  }
},
{
  "model": "wagtail_localize.overridablesegment",
  "pk": 1,
  "fields": {
    "source": 3,
    "context": 14,
    "order": 7,
    "data_json": "1"
  }
},
{
  "model": "wagtail_localize.localesynchronization",
  "pk": 1,
  "fields": {
    "locale": 2,
    "sync_from": 1
  }
},
{
  "model": "wagtailusers.userprofile",
  "pk": 1,
  "fields": {
    "user": [
      "greg"
    ],
    "submitted_notifications": true,
    "approved_notifications": true,
    "rejected_notifications": true,
    "updated_comments_notifications": true,
    "preferred_language": "",
    "current_time_zone": "",
    "avatar": "",
    "dismissibles": {
      "help": true,
      "editor-guide": true,
      "whats-new-in-wagtail-6.0": true
    },
    "theme": "system"
  }
},
{
  "model": "wagtailimages.image",
  "pk": 1,
  "fields": {
    "collection": 1,
    "title": "banniere_ywe",
    "file": "original_images/banniere_ywe.png",
    "width": 1600,
    "height": 900,
    "created_at": "2024-06-14T12:04:52.015Z",
    "uploaded_by_user": [
      "greg"
    ],
    "focal_point_x": null,
    "focal_point_y": null,
    "focal_point_width": null,
    "focal_point_height": null,
    "file_size": 1047154,
    "file_hash": "377de1d14793d3ca07777de34ad5c88d73f8af46"
  }
},
{
  "model": "wagtailimages.rendition",
  "pk": 1,
  "fields": {
    "filter_spec": "max-165x165",
    "file": "images/banniere_ywe.max-165x165.png",
    "width": 165,
    "height": 92,
    "focal_point_key": "",
    "image": 1
  }
},
{
  "model": "wagtailimages.rendition",
  "pk": 2,
  "fields": {
    "filter_spec": "width-400",
    "file": "images/banniere_ywe.width-400.png",
    "width": 400,
    "height": 225,
    "focal_point_key": "",
    "image": 1
  }
},
{
  "model": "wagtailimages.rendition",
  "pk": 3,
  "fields": {
    "filter_spec": "width-900",
    "file": "images/banniere_ywe.width-900.png",
    "width": 900,
    "height": 506,
    "focal_point_key": "",
    "image": 1
  }
},
{
  "model": "wagtailsearch.indexentry",
  "pk": 1,
  "fields": {
    "content_type": [
      "website",
      "homepage"
    ],
    "object_id": "3",
    "title_norm": 4.125,
    "autocomplete": "'accueil':1",
    "title": "'accueil':1B",
    "body": ""
  }
},
{
  "model": "wagtailsearch.indexentry",
  "pk": 4,
  "fields": {
    "content_type": [
      "project",
      "projectspage"
    ],
    "object_id": "4",
    "title_norm": 4.125,
    "autocomplete": "'projets':1",
    "title": "'projet':1B",
    "body": ""
  }
},
{
  "model": "wagtailsearch.indexentry",
  "pk": 7,
  "fields": {
    "content_type": [
      "wagtailimages",
      "image"
    ],
    "object_id": "1",
    "title_norm": 0.6666666666666666,
    "autocomplete": "'banniere':1 'ywe':2",
    "title": "'bannier':1A 'ywe':2A",
    "body": ""
  }
},
{
  "model": "wagtailsearch.indexentry",
  "pk": 9,
  "fields": {
    "content_type": [
      "project",
      "projectpage"
    ],
    "object_id": "5",
    "title_norm": 0.3269230769230769,
    "autocomplete": "'activité':11 'compte':9 'de':5 'eat':3 'en':8 'l':10 'les':14 'physique':12 'plats':6 'pour':13 'prenant':7 'recommandation':4 'will':2 'you':1 'étudiants':15",
    "title": "'activité':11B 'compt':9B 'de':5B 'eat':3B 'en':8B 'l':10B 'les':14B 'physiqu':12B 'plat':6B 'pour':13B 'prenant':7B 'recommand':4B 'étudiant':15B",
    "body": ""
  }
},
{
  "model": "wagtailsearch.indexentry",
  "pk": 21,
  "fields": {
    "content_type": [
      "website",
      "homepage"
    ],
    "object_id": "7",
    "title_norm": 4.125,
    "autocomplete": "'home':1",
    "title": "'home':1B",
    "body": ""
  }
},
{
  "model": "wagtailsearch.indexentry",
  "pk": 22,
  "fields": {
    "content_type": [
      "project",
      "projectspage"
    ],
    "object_id": "8",
    "title_norm": 4.125,
    "autocomplete": "'projects':1",
    "title": "'project':1B",
    "body": ""
  }
},
{
  "model": "wagtailsearch.indexentry",
  "pk": 23,
  "fields": {
    "content_type": [
      "project",
      "projectpage"
    ],
    "object_id": "9",
    "title_norm": 0.3173076923076923,
    "autocomplete": "'activité':11 'compte':9 'de':5 'eat':3 'en':8 'l':10 'les':14 'physique':12 'plats':6 'pour':13 'prenant':7 'recommandation':4 'will':2 'you':1 'étudiants':15",
    "title": "'activité':11B 'compt':9B 'de':5B 'eat':3B 'en':8B 'l':10B 'les':14B 'physiqu':12B 'plat':6B 'pour':13B 'prenant':7B 'recommand':4B 'étudiant':15B",
    "body": ""
  }
},
{
  "model": "wagtailsearch.indexentry",
  "pk": 24,
  "fields": {
    "content_type": [
      "wagtailcore",
      "page"
    ],
    "object_id": "1",
    "title_norm": 4.111111111111111,
    "autocomplete": "'root':1",
    "title": "'root':1B",
    "body": ""
  }
},
{
  "model": "wagtailcore.locale",
  "pk": 1,
  "fields": {
    "language_code": "fr"
  }
},
{
  "model": "wagtailcore.locale",
  "pk": 2,
  "fields": {
    "language_code": "en"
  }
},
{
  "model": "wagtailcore.site",
  "pk": 1,
  "fields": {
    "hostname": "localhost",
    "port": 80,
    "site_name": "",
    "root_page": 3,
    "is_default_site": true
  }
},
{
  "model": "wagtailcore.collection",
  "pk": 1,
  "fields": {
    "path": "0001",
    "depth": 1,
    "numchild": 0,
    "name": "Root"
  }
},
{
  "model": "wagtailcore.referenceindex",
  "pk": 1,
  "fields": {
    "content_type": [
      "wagtailimages",
      "image"
    ],
    "base_content_type": [
      "wagtailimages",
      "image"
    ],
    "object_id": "1",
    "to_content_type": [
      "wagtailcore",
      "collection"
    ],
    "to_object_id": "1",
    "model_path": "collection",
    "content_path": "collection",
    "content_path_hash": "b40b1263-e929-57f2-a7f8-9dbce56b887b"
  }
},
{
  "model": "wagtailcore.referenceindex",
  "pk": 2,
  "fields": {
    "content_type": [
      "project",
      "projectpage"
    ],
    "base_content_type": [
      "wagtailcore",
      "page"
    ],
    "object_id": "5",
    "to_content_type": [
      "wagtailimages",
      "image"
    ],
    "to_object_id": "1",
    "model_path": "image",
    "content_path": "image",
    "content_path_hash": "3cb1a537-a728-548b-b207-8423b6010580"
  }
},
{
  "model": "wagtailcore.referenceindex",
  "pk": 3,
  "fields": {
    "content_type": [
      "project",
      "projectpage"
    ],
    "base_content_type": [
      "wagtailcore",
      "page"
    ],
    "object_id": "9",
    "to_content_type": [
      "wagtailimages",
      "image"
    ],
    "to_object_id": "1",
    "model_path": "image",
    "content_path": "image",
    "content_path_hash": "3cb1a537-a728-548b-b207-8423b6010580"
  }
},
{
  "model": "wagtailcore.referenceindex",
  "pk": 5,
  "fields": {
    "content_type": [
      "website",
      "footer"
    ],
    "base_content_type": [
      "website",
      "footer"
    ],
    "object_id": "1",
    "to_content_type": [
      "wagtailcore",
      "page"
    ],
    "to_object_id": "3",
    "model_path": "pages.Page",
    "content_path": "pages.c7feb8ab-b3af-4f6a-84e4-21a615372122",
    "content_path_hash": "b35c270a-0566-50b1-a808-5094eaf30ac9"
  }
},
{
  "model": "wagtailcore.referenceindex",
  "pk": 6,
  "fields": {
    "content_type": [
      "website",
      "footer"
    ],
    "base_content_type": [
      "website",
      "footer"
    ],
    "object_id": "1",
    "to_content_type": [
      "wagtailcore",
      "page"
    ],
    "to_object_id": "4",
    "model_path": "pages.Page",
    "content_path": "pages.5c70ef46-5ffa-4b44-9ae3-5a0735e5281c",
    "content_path_hash": "07488b1e-5bbb-54a1-9dfa-2543bab005bd"
  }
},
{
  "model": "wagtailcore.page",
  "pk": 1,
  "fields": {
    "path": "0001",
    "depth": 1,
    "numchild": 2,
    "translation_key": "5d115fcf-198b-4a9f-bbad-7531a44ba94f",
    "locale": 1,
    "latest_revision": null,
    "live": true,
    "has_unpublished_changes": false,
    "first_published_at": null,
    "last_published_at": null,
    "live_revision": null,
    "go_live_at": null,
    "expire_at": null,
    "expired": false,
    "locked": false,
    "locked_at": null,
    "locked_by": null,
    "title": "Root",
    "draft_title": "Root",
    "slug": "root",
    "content_type": [
      "wagtailcore",
      "page"
    ],
    "url_path": "/",
    "owner": null,
    "seo_title": "",
    "show_in_menus": false,
    "search_description": "",
    "latest_revision_created_at": null,
    "alias_of": null
  }
},
{
  "model": "wagtailcore.page",
  "pk": 3,
  "fields": {
    "path": "00010002",
    "depth": 2,
    "numchild": 1,
    "translation_key": "05374286-3c6c-4189-ada6-3530bc0e8063",
    "locale": 1,
    "latest_revision": 13,
    "live": true,
    "has_unpublished_changes": false,
    "first_published_at": "2024-06-14T12:03:13.519Z",
    "last_published_at": "2024-06-20T09:55:00.387Z",
    "live_revision": 13,
    "go_live_at": null,
    "expire_at": null,
    "expired": false,
    "locked": false,
    "locked_at": null,
    "locked_by": null,
    "title": "Accueil",
    "draft_title": "Accueil",
    "slug": "homepage",
    "content_type": [
      "website",
      "homepage"
    ],
    "url_path": "/homepage/",
    "owner": [
      "greg"
    ],
    "seo_title": "",
    "show_in_menus": false,
    "search_description": "",
    "latest_revision_created_at": "2024-06-20T09:55:00.248Z",
    "alias_of": null
  }
},
{
  "model": "wagtailcore.page",
  "pk": 4,
  "fields": {
    "path": "000100020001",
    "depth": 3,
    "numchild": 1,
    "translation_key": "0feb2505-4570-4109-8791-9713a835d36b",
    "locale": 1,
    "latest_revision": 17,
    "live": true,
    "has_unpublished_changes": false,
    "first_published_at": "2024-06-14T12:04:17.129Z",
    "last_published_at": "2024-06-20T14:34:34.247Z",
    "live_revision": 17,
    "go_live_at": null,
    "expire_at": null,
    "expired": false,
    "locked": false,
    "locked_at": null,
    "locked_by": null,
    "title": "Projets",
    "draft_title": "Projets",
    "slug": "projects",
    "content_type": [
      "project",
      "projectspage"
    ],
    "url_path": "/homepage/projects/",
    "owner": [
      "greg"
    ],
    "seo_title": "",
    "show_in_menus": false,
    "search_description": "",
    "latest_revision_created_at": "2024-06-20T14:34:34.155Z",
    "alias_of": null
  }
},
{
  "model": "wagtailcore.page",
  "pk": 5,
  "fields": {
    "path": "0001000200010001",
    "depth": 4,
    "numchild": 0,
    "translation_key": "7956ac65-58cd-4cca-80a8-ad49101af572",
    "locale": 1,
    "latest_revision": 6,
    "live": true,
    "has_unpublished_changes": false,
    "first_published_at": "2024-06-14T12:05:05.624Z",
    "last_published_at": "2024-06-15T19:37:36.575Z",
    "live_revision": 6,
    "go_live_at": null,
    "expire_at": null,
    "expired": false,
    "locked": false,
    "locked_at": null,
    "locked_by": null,
    "title": "You Will Eat  : Recommandation de plats prenant en compte l'activité physique pour les étudiants",
    "draft_title": "You Will Eat  : Recommandation de plats prenant en compte l'activité physique pour les étudiants",
    "slug": "you-will-eat",
    "content_type": [
      "project",
      "projectpage"
    ],
    "url_path": "/homepage/projects/you-will-eat/",
    "owner": [
      "greg"
    ],
    "seo_title": "",
    "show_in_menus": false,
    "search_description": "",
    "latest_revision_created_at": "2024-06-15T19:37:36.495Z",
    "alias_of": null
  }
},
{
  "model": "wagtailcore.page",
  "pk": 7,
  "fields": {
    "path": "00010004",
    "depth": 2,
    "numchild": 1,
    "translation_key": "05374286-3c6c-4189-ada6-3530bc0e8063",
    "locale": 2,
    "latest_revision": 16,
    "live": true,
    "has_unpublished_changes": false,
    "first_published_at": "2024-06-14T12:03:13.519Z",
    "last_published_at": "2024-06-20T09:56:03.948Z",
    "live_revision": 16,
    "go_live_at": null,
    "expire_at": null,
    "expired": false,
    "locked": false,
    "locked_at": null,
    "locked_by": null,
    "title": "Home",
    "draft_title": "Home",
    "slug": "homepage-1",
    "content_type": [
      "website",
      "homepage"
    ],
    "url_path": "/homepage-1/",
    "owner": [
      "greg"
    ],
    "seo_title": "",
    "show_in_menus": false,
    "search_description": "",
    "latest_revision_created_at": "2024-06-20T09:56:03.893Z",
    "alias_of": null
  }
},
{
  "model": "wagtailcore.page",
  "pk": 8,
  "fields": {
    "path": "000100040001",
    "depth": 3,
    "numchild": 1,
    "translation_key": "0feb2505-4570-4109-8791-9713a835d36b",
    "locale": 2,
    "latest_revision": 22,
    "live": true,
    "has_unpublished_changes": false,
    "first_published_at": "2024-06-14T12:04:17.129Z",
    "last_published_at": "2024-06-20T14:36:54.553Z",
    "live_revision": 22,
    "go_live_at": null,
    "expire_at": null,
    "expired": false,
    "locked": false,
    "locked_at": null,
    "locked_by": null,
    "title": "Projects",
    "draft_title": "Projects",
    "slug": "projects",
    "content_type": [
      "project",
      "projectspage"
    ],
    "url_path": "/homepage-1/projects/",
    "owner": [
      "greg"
    ],
    "seo_title": "",
    "show_in_menus": false,
    "search_description": "",
    "latest_revision_created_at": "2024-06-20T14:36:54.496Z",
    "alias_of": null
  }
},
{
  "model": "wagtailcore.page",
  "pk": 9,
  "fields": {
    "path": "0001000400010001",
    "depth": 4,
    "numchild": 0,
    "translation_key": "7956ac65-58cd-4cca-80a8-ad49101af572",
    "locale": 2,
    "latest_revision": 21,
    "live": true,
    "has_unpublished_changes": false,
    "first_published_at": "2024-06-14T12:05:05.624Z",
    "last_published_at": "2024-06-20T14:35:29.404Z",
    "live_revision": 21,
    "go_live_at": null,
    "expire_at": null,
    "expired": false,
    "locked": false,
    "locked_at": null,
    "locked_by": null,
    "title": "You Will Eat  : Recommandation de plats prenant en compte l'activité physique pour les étudiants",
    "draft_title": "You Will Eat  : Recommandation de plats prenant en compte l'activité physique pour les étudiants",
    "slug": "you-will-eat",
    "content_type": [
      "project",
      "projectpage"
    ],
    "url_path": "/homepage-1/projects/you-will-eat/",
    "owner": [
      "greg"
    ],
    "seo_title": "",
    "show_in_menus": false,
    "search_description": "",
    "latest_revision_created_at": "2024-06-20T14:35:29.241Z",
    "alias_of": null
  }
},
{
  "model": "wagtailcore.revision",
  "pk": 1,
  "fields": {
    "content_type": [
      "website",
      "homepage"
    ],
    "base_content_type": [
      "wagtailcore",
      "page"
    ],
    "object_id": "3",
    "created_at": "2024-06-14T12:03:13.450Z",
    "user": [
      "greg"
    ],
    "object_str": "HomePage",
    "content": {
      "pk": 3,
      "live": true,
      "path": "00010002",
      "slug": "homepage",
      "depth": 2,
      "owner": 1,
      "title": "HomePage",
      "locale": 1,
      "locked": false,
      "expired": false,
      "about_me": "",
      "alias_of": null,
      "numchild": 0,
      "passions": "[{\"type\": \"Passion\", \"value\": {\"title\": \"voitures\", \"content\": \"<p data-block-key=\\\"30glt\\\">oui</p>\"}, \"id\": \"0bb5f174-73ac-47df-ad42-7354fceb004f\"}]",
      "timeline": "[{\"type\": \"Event\", \"value\": {\"title\": \"qsd\", \"year\": \"2010\"}, \"id\": \"e6a90429-94ba-49df-b7c9-4a3ca3acfffb\"}]",
      "url_path": "/homepage/",
      "expire_at": null,
      "locked_at": null,
      "locked_by": null,
      "seo_title": "",
      "go_live_at": null,
      "draft_title": "HomePage",
      "content_type": 33,
      "live_revision": null,
      "show_in_menus": false,
      "latest_revision": null,
      "translation_key": "05374286-3c6c-4189-ada6-3530bc0e8063",
      "last_published_at": null,
      "first_published_at": null,
      "search_description": "",
      "wagtail_admin_comments": [],
      "has_unpublished_changes": false,
      "latest_revision_created_at": null
    },
    "approved_go_live_at": null
  }
},
{
  "model": "wagtailcore.revision",
  "pk": 2,
  "fields": {
    "content_type": [
      "project",
      "projectspage"
    ],
    "base_content_type": [
      "wagtailcore",
      "page"
    ],
    "object_id": "4",
    "created_at": "2024-06-14T12:04:17.063Z",
    "user": [
      "greg"
    ],
    "object_str": "projects",
    "content": {
      "pk": 4,
      "live": true,
      "path": "000100020001",
      "slug": "projects",
      "depth": 3,
      "owner": 1,
      "title": "projects",
      "locale": 1,
      "locked": false,
      "expired": false,
      "alias_of": null,
      "numchild": 0,
      "url_path": "/homepage/projects/",
      "expire_at": null,
      "locked_at": null,
      "locked_by": null,
      "seo_title": "",
      "go_live_at": null,
      "draft_title": "projects",
      "content_type": 34,
      "live_revision": null,
      "show_in_menus": false,
      "latest_revision": null,
      "translation_key": "0feb2505-4570-4109-8791-9713a835d36b",
      "last_published_at": null,
      "first_published_at": null,
      "search_description": "",
      "wagtail_admin_comments": [],
      "has_unpublished_changes": false,
      "latest_revision_created_at": null
    },
    "approved_go_live_at": null
  }
},
{
  "model": "wagtailcore.revision",
  "pk": 3,
  "fields": {
    "content_type": [
      "project",
      "projectpage"
    ],
    "base_content_type": [
      "wagtailcore",
      "page"
    ],
    "object_id": "5",
    "created_at": "2024-06-14T12:05:05.552Z",
    "user": [
      "greg"
    ],
    "object_str": "You Will Eat",
    "content": {
      "pk": 5,
      "live": true,
      "path": "0001000200010001",
      "slug": "you-will-eat",
      "depth": 4,
      "image": 1,
      "owner": 1,
      "title": "You Will Eat",
      "locale": 1,
      "locked": false,
      "expired": false,
      "alias_of": null,
      "numchild": 0,
      "url_path": "/homepage/projects/you-will-eat/",
      "expire_at": null,
      "locked_at": null,
      "locked_by": null,
      "repo_link": null,
      "seo_title": "",
      "go_live_at": null,
      "description": "<p data-block-key=\"c8zr2\">qsdqsd</p>",
      "draft_title": "You Will Eat",
      "content_type": 35,
      "technologies": "[{\"type\": \"Technology\", \"value\": \"Flutter\", \"id\": \"9d656b3c-42c6-4246-bd47-afad2adc12f5\"}, {\"type\": \"Technology\", \"value\": \"FastAPI\", \"id\": \"275135df-c59c-4a07-a349-902f9d51b96e\"}]",
      "website_link": null,
      "live_revision": null,
      "show_in_menus": false,
      "latest_revision": null,
      "translation_key": "7956ac65-58cd-4cca-80a8-ad49101af572",
      "last_published_at": null,
      "show_on_home_page": true,
      "first_published_at": null,
      "search_description": "",
      "wagtail_admin_comments": [],
      "has_unpublished_changes": false,
      "latest_revision_created_at": null
    },
    "approved_go_live_at": null
  }
},
{
  "model": "wagtailcore.revision",
  "pk": 4,
  "fields": {
    "content_type": [
      "project",
      "projectpage"
    ],
    "base_content_type": [
      "wagtailcore",
      "page"
    ],
    "object_id": "5",
    "created_at": "2024-06-15T19:27:45.924Z",
    "user": [
      "greg"
    ],
    "object_str": "You Will Eat",
    "content": {
      "pk": 5,
      "live": true,
      "path": "0001000200010001",
      "slug": "you-will-eat",
      "depth": 4,
      "image": 1,
      "owner": 1,
      "title": "You Will Eat",
      "locale": 1,
      "locked": false,
      "expired": false,
      "alias_of": null,
      "numchild": 0,
      "url_path": "/homepage/projects/you-will-eat/",
      "expire_at": null,
      "locked_at": null,
      "locked_by": null,
      "repo_link": null,
      "seo_title": "",
      "go_live_at": null,
      "description": "<p data-block-key=\"c8zr2\">You will Eat est un projet universitaire réalisé lors de l’année 2023-2024 dans le cadre de la Conférence PeiP 2024. YWE est une application de recommandation de repas prenant en compte vos goûts, vos dépenses énergétiques et la salubrité des plats. L’application communique avec un serveur où est exécuté l’algorithme de recommandation et où est stockée les données. La communication entre les deux est réalisée par une API FastAPI. Des tests unitaires et déploiement automatique avec ansible ont été mis en place pour le code de l’API. L'application est en Flutter. L’application communique avec une montre connectée estimant les dépenses énergétiques en Bluetooth low energy. La montre est un ESP32 avec un accéléromètre et un écran.</p><p data-block-key=\"jvd9\">L’algorithme de recommandation et les notions nutritionnelles utilisées dans le programme sont basés sur de multiples papiers scientifiques et nutritionnistes.</p><p data-block-key=\"4sl1k\">J’ai été le chef de projet et j’ai géré 11 autres personnes pour le bon développement de YWE ainsi qu’une partie du développement informatique.</p>",
      "draft_title": "You Will Eat",
      "content_type": 35,
      "technologies": "[{\"type\": \"Technology\", \"value\": \"Flutter\", \"id\": \"9d656b3c-42c6-4246-bd47-afad2adc12f5\"}, {\"type\": \"Technology\", \"value\": \"FastAPI\", \"id\": \"275135df-c59c-4a07-a349-902f9d51b96e\"}]",
      "website_link": null,
      "live_revision": 3,
      "show_in_menus": false,
      "latest_revision": 3,
      "translation_key": "7956ac65-58cd-4cca-80a8-ad49101af572",
      "last_published_at": "2024-06-14T12:05:05.624Z",
      "show_on_home_page": true,
      "first_published_at": "2024-06-14T12:05:05.624Z",
      "search_description": "",
      "wagtail_admin_comments": [],
      "has_unpublished_changes": false,
      "latest_revision_created_at": "2024-06-14T12:05:05.552Z"
    },
    "approved_go_live_at": null
  }
},
{
  "model": "wagtailcore.revision",
  "pk": 5,
  "fields": {
    "content_type": [
      "project",
      "projectpage"
    ],
    "base_content_type": [
      "wagtailcore",
      "page"
    ],
    "object_id": "5",
    "created_at": "2024-06-15T19:28:17.442Z",
    "user": [
      "greg"
    ],
    "object_str": "You Will Eat",
    "content": {
      "pk": 5,
      "live": true,
      "path": "0001000200010001",
      "slug": "you-will-eat",
      "depth": 4,
      "image": 1,
      "owner": 1,
      "title": "You Will Eat",
      "locale": 1,
      "locked": false,
      "expired": false,
      "alias_of": null,
      "numchild": 0,
      "url_path": "/homepage/projects/you-will-eat/",
      "expire_at": null,
      "locked_at": null,
      "locked_by": null,
      "repo_link": null,
      "seo_title": "",
      "go_live_at": null,
      "description": "<p data-block-key=\"c8zr2\">You will Eat est un projet universitaire réalisé lors de l’année 2023-2024 dans le cadre de la Conférence PeiP 2024. YWE est une application de recommandation de repas prenant en compte vos goûts, vos dépenses énergétiques et la salubrité des plats. L’application communique avec un serveur où est exécuté l’algorithme de recommandation et où est stockée les données. La communication entre les deux est réalisée par une API FastAPI. Des tests unitaires et déploiement automatique avec ansible ont été mis en place pour le code de l’API. L'application est en Flutter. L’application communique avec une montre connectée estimant les dépenses énergétiques en Bluetooth low energy. La montre est un ESP32 avec un accéléromètre et un écran.</p><p data-block-key=\"jvd9\">L’algorithme de recommandation et les notions nutritionnelles utilisées dans le programme sont basés sur de multiples papiers scientifiques et nutritionnistes.</p><p data-block-key=\"4sl1k\">J’ai été le chef de projet et j’ai géré 11 autres personnes pour le bon développement de YWE ainsi qu’une partie du développement informatique.</p>",
      "draft_title": "You Will Eat",
      "content_type": 35,
      "technologies": "[{\"type\": \"Technology\", \"value\": \"Flutter\", \"id\": \"9d656b3c-42c6-4246-bd47-afad2adc12f5\"}, {\"type\": \"Technology\", \"value\": \"FastAPI\", \"id\": \"275135df-c59c-4a07-a349-902f9d51b96e\"}, {\"type\": \"Technology\", \"value\": \"Python\", \"id\": \"7f350249-c6dc-44f9-b897-7249dd196565\"}, {\"type\": \"Technology\", \"value\": \"Ansible\", \"id\": \"2e6cf475-24b5-4148-827e-db068ff1a84a\"}, {\"type\": \"Technology\", \"value\": \"ESP32\", \"id\": \"aad33c96-1910-47ea-af55-fcacbc8c2655\"}, {\"type\": \"Technology\", \"value\": \"BLE\", \"id\": \"08d2855a-4b58-47d0-9de0-e36742fbddaf\"}]",
      "website_link": null,
      "live_revision": 4,
      "show_in_menus": false,
      "latest_revision": 4,
      "translation_key": "7956ac65-58cd-4cca-80a8-ad49101af572",
      "last_published_at": "2024-06-15T19:27:46.019Z",
      "show_on_home_page": true,
      "first_published_at": "2024-06-14T12:05:05.624Z",
      "search_description": "",
      "wagtail_admin_comments": [],
      "has_unpublished_changes": false,
      "latest_revision_created_at": "2024-06-15T19:27:45.924Z"
    },
    "approved_go_live_at": null
  }
},
{
  "model": "wagtailcore.revision",
  "pk": 6,
  "fields": {
    "content_type": [
      "project",
      "projectpage"
    ],
    "base_content_type": [
      "wagtailcore",
      "page"
    ],
    "object_id": "5",
    "created_at": "2024-06-15T19:37:36.495Z",
    "user": [
      "greg"
    ],
    "object_str": "You Will Eat  : Recommandation de plats prenant en compte l'activité physique pour les étudiants",
    "content": {
      "pk": 5,
      "live": true,
      "path": "0001000200010001",
      "slug": "you-will-eat",
      "depth": 4,
      "image": 1,
      "owner": 1,
      "title": "You Will Eat  : Recommandation de plats prenant en compte l'activité physique pour les étudiants",
      "locale": 1,
      "locked": false,
      "expired": false,
      "alias_of": null,
      "numchild": 0,
      "url_path": "/homepage/projects/you-will-eat/",
      "expire_at": null,
      "locked_at": null,
      "locked_by": null,
      "repo_link": null,
      "seo_title": "",
      "go_live_at": null,
      "description": "<p data-block-key=\"c8zr2\">You will Eat est un projet universitaire réalisé lors de l’année 2023-2024 dans le cadre de la Conférence PeiP 2024. YWE est une application de recommandation de repas prenant en compte vos goûts, vos dépenses énergétiques et la salubrité des plats. L’application communique avec un serveur où est exécuté l’algorithme de recommandation et où est stockée les données. La communication entre les deux est réalisée par une API FastAPI. Des tests unitaires et déploiement automatique avec ansible ont été mis en place pour le code de l’API. L'application est en Flutter. L’application communique avec une montre connectée estimant les dépenses énergétiques en Bluetooth low energy. La montre est un ESP32 avec un accéléromètre et un écran.</p><p data-block-key=\"jvd9\">L’algorithme de recommandation et les notions nutritionnelles utilisées dans le programme sont basés sur de multiples papiers scientifiques et nutritionnistes.</p><p data-block-key=\"4sl1k\">J’ai été le chef de projet et j’ai géré 11 autres personnes pour le bon développement de YWE ainsi qu’une partie du développement informatique.</p>",
      "draft_title": "You Will Eat",
      "content_type": 35,
      "technologies": "[{\"type\": \"Technology\", \"value\": \"Flutter\", \"id\": \"9d656b3c-42c6-4246-bd47-afad2adc12f5\"}, {\"type\": \"Technology\", \"value\": \"FastAPI\", \"id\": \"275135df-c59c-4a07-a349-902f9d51b96e\"}, {\"type\": \"Technology\", \"value\": \"Python\", \"id\": \"7f350249-c6dc-44f9-b897-7249dd196565\"}, {\"type\": \"Technology\", \"value\": \"Ansible\", \"id\": \"2e6cf475-24b5-4148-827e-db068ff1a84a\"}, {\"type\": \"Technology\", \"value\": \"ESP32\", \"id\": \"aad33c96-1910-47ea-af55-fcacbc8c2655\"}, {\"type\": \"Technology\", \"value\": \"BLE\", \"id\": \"08d2855a-4b58-47d0-9de0-e36742fbddaf\"}]",
      "website_link": null,
      "live_revision": 5,
      "show_in_menus": false,
      "latest_revision": 5,
      "translation_key": "7956ac65-58cd-4cca-80a8-ad49101af572",
      "last_published_at": "2024-06-15T19:28:17.533Z",
      "show_on_home_page": true,
      "first_published_at": "2024-06-14T12:05:05.624Z",
      "search_description": "",
      "wagtail_admin_comments": [],
      "has_unpublished_changes": false,
      "latest_revision_created_at": "2024-06-15T19:28:17.442Z"
    },
    "approved_go_live_at": null
  }
},
{
  "model": "wagtailcore.revision",
  "pk": 7,
  "fields": {
    "content_type": [
      "website",
      "homepage"
    ],
    "base_content_type": [
      "wagtailcore",
      "page"
    ],
    "object_id": "3",
    "created_at": "2024-06-15T19:46:45.568Z",
    "user": [
      "greg"
    ],
    "object_str": "HomePage",
    "content": {
      "pk": 3,
      "live": true,
      "path": "00010002",
      "slug": "homepage",
      "depth": 2,
      "owner": 1,
      "title": "HomePage",
      "locale": 1,
      "locked": false,
      "expired": false,
      "about_me": "<p data-block-key=\"by500\">Passionné par l’informatique, j’aime réaliser des projets innovants et captivants. J'apprécie tout particulièrement la création de systèmes bien réfléchis, évolutifs et possédant un code de grande qualité. Je suis en effet à la recherche des meilleures solutions pour créer des sites web scalables ou comment organiser la hiérarchie d'un projet pour qu’il y ait le moins de friction possibles. Tout cela m'intéresse énormément. </p><p data-block-key=\"9g5e9\">Je m'intéresse aussi à l’électronique. Je souhaite connaitre et comprendre toutes les couches des ordinateurs : du circuit électronique au logiciel. J’aime l’idée d'optimiser des logiciels à ce point là, bien que pour des projets réels cela n’est pas envisageable. Simplement pour le défi et afin de voir ce qui est possible, optimiser des systèmes mé fascine. Cela me permet de coder en étant conscient des problèmes d'optimisation et de performance.</p><p data-block-key=\"9dtgi\">Je suis aussi intéressé par le déploiement d'applications continu, les serveurs et la sécurité, internet et créer des réseaux redondant, stable et de qualité, linux. </p>",
      "alias_of": null,
      "numchild": 1,
      "passions": "[{\"type\": \"Passion\", \"value\": {\"title\": \"voitures\", \"content\": \"<p data-block-key=\\\"30glt\\\">oui</p>\"}, \"id\": \"0bb5f174-73ac-47df-ad42-7354fceb004f\"}]",
      "timeline": "[{\"type\": \"Event\", \"value\": {\"title\": \"qsd\", \"year\": \"2010\"}, \"id\": \"e6a90429-94ba-49df-b7c9-4a3ca3acfffb\"}]",
      "url_path": "/homepage/",
      "expire_at": null,
      "locked_at": null,
      "locked_by": null,
      "seo_title": "",
      "go_live_at": null,
      "draft_title": "HomePage",
      "content_type": 33,
      "live_revision": 1,
      "show_in_menus": false,
      "latest_revision": 1,
      "translation_key": "05374286-3c6c-4189-ada6-3530bc0e8063",
      "last_published_at": "2024-06-14T12:03:13.519Z",
      "first_published_at": "2024-06-14T12:03:13.519Z",
      "search_description": "",
      "wagtail_admin_comments": [],
      "has_unpublished_changes": false,
      "latest_revision_created_at": "2024-06-14T12:03:13.450Z"
    },
    "approved_go_live_at": null
  }
},
{
  "model": "wagtailcore.revision",
  "pk": 8,
  "fields": {
    "content_type": [
      "website",
      "homepage"
    ],
    "base_content_type": [
      "wagtailcore",
      "page"
    ],
    "object_id": "7",
    "created_at": "2024-06-17T10:12:42.613Z",
    "user": [
      "greg"
    ],
    "object_str": "HomePage",
    "content": {
      "pk": 7,
      "live": true,
      "path": "00010004",
      "slug": "homepage",
      "depth": 2,
      "owner": 1,
      "title": "HomePage",
      "locale": 2,
      "locked": false,
      "expired": false,
      "about_me": "<p data-block-key=\"by500\">Passionné par l’informatique, j’aime réaliser des projets innovants et captivants. J'apprécie tout particulièrement la création de systèmes bien réfléchis, évolutifs et possédant un code de grande qualité. Je suis en effet à la recherche des meilleures solutions pour créer des sites web scalables ou comment organiser la hiérarchie d'un projet pour qu’il y ait le moins de friction possibles. Tout cela m'intéresse énormément. </p><p data-block-key=\"9g5e9\">Je m'intéresse aussi à l’électronique. Je souhaite connaitre et comprendre toutes les couches des ordinateurs : du circuit électronique au logiciel. J’aime l’idée d'optimiser des logiciels à ce point là, bien que pour des projets réels cela n’est pas envisageable. Simplement pour le défi et afin de voir ce qui est possible, optimiser des systèmes mé fascine. Cela me permet de coder en étant conscient des problèmes d'optimisation et de performance.</p><p data-block-key=\"9dtgi\">Je suis aussi intéressé par le déploiement d'applications continu, les serveurs et la sécurité, internet et créer des réseaux redondant, stable et de qualité, linux. </p>",
      "alias_of": null,
      "numchild": 1,
      "passions": "[{\"type\": \"Passion\", \"value\": {\"title\": \"voitures\", \"content\": \"<p data-block-key=\\\"30glt\\\">oui</p>\"}, \"id\": \"0bb5f174-73ac-47df-ad42-7354fceb004f\"}]",
      "timeline": "[{\"type\": \"Event\", \"value\": {\"title\": \"qsd\", \"year\": \"2010\"}, \"id\": \"e6a90429-94ba-49df-b7c9-4a3ca3acfffb\"}]",
      "url_path": "/homepage-en/",
      "expire_at": null,
      "locked_at": null,
      "locked_by": null,
      "seo_title": "",
      "go_live_at": null,
      "draft_title": "HomePage",
      "content_type": 33,
      "live_revision": 7,
      "show_in_menus": false,
      "latest_revision": 7,
      "translation_key": "05374286-3c6c-4189-ada6-3530bc0e8063",
      "last_published_at": "2024-06-15T19:46:45.655Z",
      "first_published_at": "2024-06-14T12:03:13.519Z",
      "search_description": "",
      "wagtail_admin_comments": [],
      "has_unpublished_changes": false,
      "latest_revision_created_at": "2024-06-15T19:46:45.568Z"
    },
    "approved_go_live_at": null
  }
},
{
  "model": "wagtailcore.revision",
  "pk": 9,
  "fields": {
    "content_type": [
      "website",
      "homepage"
    ],
    "base_content_type": [
      "wagtailcore",
      "page"
    ],
    "object_id": "7",
    "created_at": "2024-06-17T10:12:42.713Z",
    "user": [
      "greg"
    ],
    "object_str": "HomePage",
    "content": {
      "pk": 7,
      "live": true,
      "path": "00010004",
      "slug": "homepage-1",
      "depth": 2,
      "owner": 1,
      "title": "HomePage",
      "locale": 2,
      "locked": false,
      "expired": false,
      "about_me": "<p data-block-key=\"by500\">Passionné par l’informatique, j’aime réaliser des projets innovants et captivants. J'apprécie tout particulièrement la création de systèmes bien réfléchis, évolutifs et possédant un code de grande qualité. Je suis en effet à la recherche des meilleures solutions pour créer des sites web scalables ou comment organiser la hiérarchie d'un projet pour qu’il y ait le moins de friction possibles. Tout cela m'intéresse énormément. </p><p data-block-key=\"9g5e9\">Je m'intéresse aussi à l’électronique. Je souhaite connaitre et comprendre toutes les couches des ordinateurs : du circuit électronique au logiciel. J’aime l’idée d'optimiser des logiciels à ce point là, bien que pour des projets réels cela n’est pas envisageable. Simplement pour le défi et afin de voir ce qui est possible, optimiser des systèmes mé fascine. Cela me permet de coder en étant conscient des problèmes d'optimisation et de performance.</p><p data-block-key=\"9dtgi\">Je suis aussi intéressé par le déploiement d'applications continu, les serveurs et la sécurité, internet et créer des réseaux redondant, stable et de qualité, linux. </p>",
      "alias_of": null,
      "numchild": 1,
      "passions": "[{\"type\": \"Passion\", \"value\": {\"title\": \"voitures\", \"content\": \"<p data-block-key=\\\"30glt\\\">oui</p>\"}, \"id\": \"0bb5f174-73ac-47df-ad42-7354fceb004f\"}]",
      "timeline": "[{\"type\": \"Event\", \"value\": {\"title\": \"qsd\", \"year\": \"2010\"}, \"id\": \"e6a90429-94ba-49df-b7c9-4a3ca3acfffb\"}]",
      "url_path": "/homepage-1/",
      "expire_at": null,
      "locked_at": null,
      "locked_by": null,
      "seo_title": "",
      "go_live_at": null,
      "draft_title": "HomePage",
      "content_type": 33,
      "live_revision": 7,
      "show_in_menus": false,
      "latest_revision": 8,
      "translation_key": "05374286-3c6c-4189-ada6-3530bc0e8063",
      "last_published_at": "2024-06-15T19:46:45.655Z",
      "first_published_at": "2024-06-14T12:03:13.519Z",
      "search_description": "",
      "wagtail_admin_comments": [],
      "has_unpublished_changes": false,
      "latest_revision_created_at": "2024-06-17T10:12:42.613Z"
    },
    "approved_go_live_at": null
  }
},
{
  "model": "wagtailcore.revision",
  "pk": 10,
  "fields": {
    "content_type": [
      "website",
      "homepage"
    ],
    "base_content_type": [
      "wagtailcore",
      "page"
    ],
    "object_id": "7",
    "created_at": "2024-06-17T10:13:31.362Z",
    "user": [
      "greg"
    ],
    "object_str": "HomePage",
    "content": {
      "pk": 7,
      "live": true,
      "path": "00010004",
      "slug": "homepage-1",
      "depth": 2,
      "owner": 1,
      "title": "HomePage",
      "locale": 2,
      "locked": false,
      "expired": false,
      "about_me": "<p data-block-key=\"by500\">english Passionné par l’informatique, j’aime réaliser des projets innovants et captivants. J'apprécie tout particulièrement la création de systèmes bien réfléchis, évolutifs et possédant un code de grande qualité. Je suis en effet à la recherche des meilleures solutions pour créer des sites web scalables ou comment organiser la hiérarchie d'un projet pour qu’il y ait le moins de friction possibles. Tout cela m'intéresse énormément. </p><p data-block-key=\"9g5e9\">Je m'intéresse aussi à l’électronique. Je souhaite connaitre et comprendre toutes les couches des ordinateurs : du circuit électronique au logiciel. J’aime l’idée d'optimiser des logiciels à ce point là, bien que pour des projets réels cela n’est pas envisageable. Simplement pour le défi et afin de voir ce qui est possible, optimiser des systèmes mé fascine. Cela me permet de coder en étant conscient des problèmes d'optimisation et de performance.</p><p data-block-key=\"9dtgi\">Je suis aussi intéressé par le déploiement d'applications continu, les serveurs et la sécurité, internet et créer des réseaux redondant, stable et de qualité, linux. </p>",
      "alias_of": null,
      "numchild": 1,
      "passions": "[{\"type\": \"Passion\", \"value\": {\"title\": \"voitures\", \"content\": \"<p data-block-key=\\\"30glt\\\">oui</p>\"}, \"id\": \"0bb5f174-73ac-47df-ad42-7354fceb004f\"}]",
      "timeline": "[{\"type\": \"Event\", \"value\": {\"title\": \"qsd\", \"year\": \"2010\"}, \"id\": \"e6a90429-94ba-49df-b7c9-4a3ca3acfffb\"}]",
      "url_path": "/homepage-1/",
      "expire_at": null,
      "locked_at": null,
      "locked_by": null,
      "seo_title": "",
      "go_live_at": null,
      "draft_title": "HomePage",
      "content_type": 33,
      "live_revision": 9,
      "show_in_menus": false,
      "latest_revision": 9,
      "translation_key": "05374286-3c6c-4189-ada6-3530bc0e8063",
      "last_published_at": "2024-06-17T10:12:42.826Z",
      "first_published_at": "2024-06-14T12:03:13.519Z",
      "search_description": "",
      "wagtail_admin_comments": [],
      "has_unpublished_changes": false,
      "latest_revision_created_at": "2024-06-17T10:12:42.713Z"
    },
    "approved_go_live_at": null
  }
},
{
  "model": "wagtailcore.revision",
  "pk": 11,
  "fields": {
    "content_type": [
      "website",
      "homepage"
    ],
    "base_content_type": [
      "wagtailcore",
      "page"
    ],
    "object_id": "3",
    "created_at": "2024-06-19T16:52:05.611Z",
    "user": [
      "greg"
    ],
    "object_str": "HomePage",
    "content": {
      "pk": 3,
      "live": true,
      "path": "00010002",
      "slug": "homepage",
      "depth": 2,
      "owner": 1,
      "title": "HomePage",
      "locale": 1,
      "locked": false,
      "expired": false,
      "about_me": "<p data-block-key=\"by500\">Passionné par l’informatique, j’aime réaliser des projets innovants et captivants. J'apprécie tout particulièrement la création de systèmes bien réfléchis, évolutifs et possédant un code de grande qualité. Je suis en effet à la recherche des meilleures solutions pour créer des sites web scalables ou comment organiser la hiérarchie d'un projet pour qu’il y ait le moins de friction possibles. Tout cela m'intéresse énormément.</p><p data-block-key=\"9g5e9\">Je m'intéresse aussi à l’électronique. Je souhaite connaitre et comprendre toutes les couches des ordinateurs : du circuit électronique au logiciel. J’aime l’idée d'optimiser des logiciels à ce point là, bien que pour des projets réels cela n’est pas envisageable. Simplement pour le défi et afin de voir ce qui est possible, optimiser des systèmes mé fascine. Cela me permet de coder en étant conscient des problèmes d'optimisation et de performance.</p><p data-block-key=\"9dtgi\">Je suis aussi intéressé par le déploiement d'applications continu, les serveurs et la sécurité, internet et créer des réseaux redondant, stable et de qualité, linux.</p>",
      "alias_of": null,
      "numchild": 1,
      "passions": "[{\"type\": \"Passion\", \"value\": {\"title\": \"voitures\", \"content\": \"<p data-block-key=\\\"30glt\\\">oui</p>\"}, \"id\": \"0bb5f174-73ac-47df-ad42-7354fceb004f\"}]",
      "timeline": "[{\"type\": \"Event\", \"value\": {\"title\": \"Polytech Nantes - Ing\\u00e9nieur en Electronique et Technologies Num\\u00e9riques\", \"year\": \"2022 - 2027\", \"description\": \"<p data-block-key=\\\"p9mid\\\">oui</p>\"}, \"id\": \"e6a90429-94ba-49df-b7c9-4a3ca3acfffb\"}]",
      "url_path": "/homepage/",
      "expire_at": null,
      "locked_at": null,
      "locked_by": null,
      "seo_title": "",
      "go_live_at": null,
      "draft_title": "HomePage",
      "content_type": 33,
      "live_revision": 7,
      "show_in_menus": false,
      "latest_revision": 7,
      "translation_key": "05374286-3c6c-4189-ada6-3530bc0e8063",
      "last_published_at": "2024-06-15T19:46:45.655Z",
      "first_published_at": "2024-06-14T12:03:13.519Z",
      "search_description": "",
      "wagtail_admin_comments": [],
      "has_unpublished_changes": false,
      "latest_revision_created_at": "2024-06-15T19:46:45.568Z"
    },
    "approved_go_live_at": null
  }
},
{
  "model": "wagtailcore.revision",
  "pk": 12,
  "fields": {
    "content_type": [
      "website",
      "homepage"
    ],
    "base_content_type": [
      "wagtailcore",
      "page"
    ],
    "object_id": "7",
    "created_at": "2024-06-19T16:54:12.345Z",
    "user": [
      "greg"
    ],
    "object_str": "HomePage",
    "content": {
      "pk": 7,
      "live": true,
      "path": "00010004",
      "slug": "homepage-1",
      "depth": 2,
      "owner": 1,
      "title": "HomePage",
      "locale": 2,
      "locked": false,
      "expired": false,
      "about_me": "<p data-block-key=\"by500\">english Passionné par l’informatique, j’aime réaliser des projets innovants et captivants. J'apprécie tout particulièrement la création de systèmes bien réfléchis, évolutifs et possédant un code de grande qualité. Je suis en effet à la recherche des meilleures solutions pour créer des sites web scalables ou comment organiser la hiérarchie d'un projet pour qu’il y ait le moins de friction possibles. Tout cela m'intéresse énormément.</p><p data-block-key=\"9g5e9\">Je m'intéresse aussi à l’électronique. Je souhaite connaitre et comprendre toutes les couches des ordinateurs : du circuit électronique au logiciel. J’aime l’idée d'optimiser des logiciels à ce point là, bien que pour des projets réels cela n’est pas envisageable. Simplement pour le défi et afin de voir ce qui est possible, optimiser des systèmes mé fascine. Cela me permet de coder en étant conscient des problèmes d'optimisation et de performance.</p><p data-block-key=\"9dtgi\">Je suis aussi intéressé par le déploiement d'applications continu, les serveurs et la sécurité, internet et créer des réseaux redondant, stable et de qualité, linux.</p>",
      "alias_of": null,
      "numchild": 1,
      "passions": "[{\"type\": \"Passion\", \"value\": {\"title\": \"voitures\", \"content\": \"<p data-block-key=\\\"30glt\\\">oui</p>\"}, \"id\": \"0bb5f174-73ac-47df-ad42-7354fceb004f\"}]",
      "timeline": "[{\"type\": \"Event\", \"value\": {\"title\": \"Polytech Nantes - Ing\\u00e9nieur en Electronique et Technologies Num\\u00e9riques\", \"year\": \"2022 - 2027\", \"description\": \"<p data-block-key=\\\"p9mid\\\">oui</p>\"}, \"id\": \"e6a90429-94ba-49df-b7c9-4a3ca3acfffb\"}]",
      "url_path": "/homepage-1/",
      "expire_at": null,
      "locked_at": null,
      "locked_by": null,
      "seo_title": "",
      "go_live_at": null,
      "draft_title": "HomePage",
      "content_type": 33,
      "live_revision": 10,
      "show_in_menus": false,
      "latest_revision": 10,
      "translation_key": "05374286-3c6c-4189-ada6-3530bc0e8063",
      "last_published_at": "2024-06-17T10:13:31.425Z",
      "first_published_at": "2024-06-14T12:03:13.519Z",
      "search_description": "",
      "wagtail_admin_comments": [],
      "has_unpublished_changes": false,
      "latest_revision_created_at": "2024-06-17T10:13:31.362Z"
    },
    "approved_go_live_at": null
  }
},
{
  "model": "wagtailcore.revision",
  "pk": 13,
  "fields": {
    "content_type": [
      "website",
      "homepage"
    ],
    "base_content_type": [
      "wagtailcore",
      "page"
    ],
    "object_id": "3",
    "created_at": "2024-06-20T09:55:00.248Z",
    "user": [
      "greg"
    ],
    "object_str": "Accueil",
    "content": {
      "pk": 3,
      "live": true,
      "path": "00010002",
      "slug": "homepage",
      "depth": 2,
      "owner": 1,
      "title": "Accueil",
      "locale": 1,
      "locked": false,
      "expired": false,
      "about_me": "<p data-block-key=\"by500\">Passionné par l’informatique, j’aime réaliser des projets innovants et captivants. J'apprécie tout particulièrement la création de systèmes bien réfléchis, évolutifs et possédant un code de grande qualité. Je suis en effet à la recherche des meilleures solutions pour créer des sites web scalables ou comment organiser la hiérarchie d'un projet pour qu’il y ait le moins de friction possibles. Tout cela m'intéresse énormément.</p><p data-block-key=\"9g5e9\">Je m'intéresse aussi à l’électronique. Je souhaite connaitre et comprendre toutes les couches des ordinateurs : du circuit électronique au logiciel. J’aime l’idée d'optimiser des logiciels à ce point là, bien que pour des projets réels cela n’est pas envisageable. Simplement pour le défi et afin de voir ce qui est possible, optimiser des systèmes mé fascine. Cela me permet de coder en étant conscient des problèmes d'optimisation et de performance.</p><p data-block-key=\"9dtgi\">Je suis aussi intéressé par le déploiement d'applications continu, les serveurs et la sécurité, internet et créer des réseaux redondant, stable et de qualité, linux.</p>",
      "alias_of": null,
      "numchild": 1,
      "passions": "[{\"type\": \"Passion\", \"value\": {\"title\": \"voitures\", \"content\": \"<p data-block-key=\\\"30glt\\\">oui</p>\"}, \"id\": \"0bb5f174-73ac-47df-ad42-7354fceb004f\"}]",
      "timeline": "[{\"type\": \"Event\", \"value\": {\"title\": \"Polytech Nantes - Ing\\u00e9nieur en Electronique et Technologies Num\\u00e9riques\", \"year\": \"2022 - 2027\", \"description\": \"<p data-block-key=\\\"p9mid\\\">oui</p>\"}, \"id\": \"e6a90429-94ba-49df-b7c9-4a3ca3acfffb\"}]",
      "url_path": "/homepage/",
      "expire_at": null,
      "locked_at": null,
      "locked_by": null,
      "seo_title": "",
      "go_live_at": null,
      "draft_title": "HomePage",
      "content_type": 33,
      "live_revision": 11,
      "show_in_menus": false,
      "latest_revision": 11,
      "translation_key": "05374286-3c6c-4189-ada6-3530bc0e8063",
      "last_published_at": "2024-06-19T16:52:05.781Z",
      "first_published_at": "2024-06-14T12:03:13.519Z",
      "search_description": "",
      "wagtail_admin_comments": [],
      "has_unpublished_changes": false,
      "latest_revision_created_at": "2024-06-19T16:52:05.611Z"
    },
    "approved_go_live_at": null
  }
},
{
  "model": "wagtailcore.revision",
  "pk": 14,
  "fields": {
    "content_type": [
      "website",
      "homepage"
    ],
    "base_content_type": [
      "wagtailcore",
      "page"
    ],
    "object_id": "7",
    "created_at": "2024-06-20T09:55:12.499Z",
    "user": [
      "greg"
    ],
    "object_str": "HomePage",
    "content": {
      "pk": 7,
      "live": true,
      "path": "00010004",
      "slug": "homepage-1",
      "depth": 2,
      "owner": 1,
      "title": "HomePage",
      "locale": 2,
      "locked": false,
      "expired": false,
      "about_me": "<p data-block-key=\"by500\">english Passionné par l’informatique, j’aime réaliser des projets innovants et captivants. J'apprécie tout particulièrement la création de systèmes bien réfléchis, évolutifs et possédant un code de grande qualité. Je suis en effet à la recherche des meilleures solutions pour créer des sites web scalables ou comment organiser la hiérarchie d'un projet pour qu’il y ait le moins de friction possibles. Tout cela m'intéresse énormément.</p><p data-block-key=\"9g5e9\">Je m'intéresse aussi à l’électronique. Je souhaite connaitre et comprendre toutes les couches des ordinateurs : du circuit électronique au logiciel. J’aime l’idée d'optimiser des logiciels à ce point là, bien que pour des projets réels cela n’est pas envisageable. Simplement pour le défi et afin de voir ce qui est possible, optimiser des systèmes mé fascine. Cela me permet de coder en étant conscient des problèmes d'optimisation et de performance.</p><p data-block-key=\"9dtgi\">Je suis aussi intéressé par le déploiement d'applications continu, les serveurs et la sécurité, internet et créer des réseaux redondant, stable et de qualité, linux.</p>",
      "alias_of": null,
      "numchild": 1,
      "passions": "[{\"type\": \"Passion\", \"value\": {\"title\": \"voitures\", \"content\": \"<p data-block-key=\\\"30glt\\\">oui</p>\"}, \"id\": \"0bb5f174-73ac-47df-ad42-7354fceb004f\"}]",
      "timeline": "[{\"type\": \"Event\", \"value\": {\"title\": \"Polytech Nantes - Ing\\u00e9nieur en Electronique et Technologies Num\\u00e9riques\", \"year\": \"2022 - 2027\", \"description\": \"<p data-block-key=\\\"p9mid\\\">oui</p>\"}, \"id\": \"e6a90429-94ba-49df-b7c9-4a3ca3acfffb\"}]",
      "url_path": "/homepage-1/",
      "expire_at": null,
      "locked_at": null,
      "locked_by": null,
      "seo_title": "",
      "go_live_at": null,
      "draft_title": "HomePage",
      "content_type": 33,
      "live_revision": 12,
      "show_in_menus": false,
      "latest_revision": 12,
      "translation_key": "05374286-3c6c-4189-ada6-3530bc0e8063",
      "last_published_at": "2024-06-19T16:54:12.408Z",
      "first_published_at": "2024-06-14T12:03:13.519Z",
      "search_description": "",
      "wagtail_admin_comments": [],
      "has_unpublished_changes": false,
      "latest_revision_created_at": "2024-06-19T16:54:12.345Z"
    },
    "approved_go_live_at": null
  }
},
{
  "model": "wagtailcore.revision",
  "pk": 15,
  "fields": {
    "content_type": [
      "website",
      "homepage"
    ],
    "base_content_type": [
      "wagtailcore",
      "page"
    ],
    "object_id": "7",
    "created_at": "2024-06-20T09:55:20.802Z",
    "user": [
      "greg"
    ],
    "object_str": "HomePage",
    "content": {
      "pk": 7,
      "live": true,
      "path": "00010004",
      "slug": "homepage-1",
      "depth": 2,
      "owner": 1,
      "title": "HomePage",
      "locale": 2,
      "locked": false,
      "expired": false,
      "about_me": "<p data-block-key=\"by500\">english Passionné par l’informatique, j’aime réaliser des projets innovants et captivants. J'apprécie tout particulièrement la création de systèmes bien réfléchis, évolutifs et possédant un code de grande qualité. Je suis en effet à la recherche des meilleures solutions pour créer des sites web scalables ou comment organiser la hiérarchie d'un projet pour qu’il y ait le moins de friction possibles. Tout cela m'intéresse énormément.</p><p data-block-key=\"9g5e9\">Je m'intéresse aussi à l’électronique. Je souhaite connaitre et comprendre toutes les couches des ordinateurs : du circuit électronique au logiciel. J’aime l’idée d'optimiser des logiciels à ce point là, bien que pour des projets réels cela n’est pas envisageable. Simplement pour le défi et afin de voir ce qui est possible, optimiser des systèmes mé fascine. Cela me permet de coder en étant conscient des problèmes d'optimisation et de performance.</p><p data-block-key=\"9dtgi\">Je suis aussi intéressé par le déploiement d'applications continu, les serveurs et la sécurité, internet et créer des réseaux redondant, stable et de qualité, linux.</p>",
      "alias_of": null,
      "numchild": 1,
      "passions": "[{\"type\": \"Passion\", \"value\": {\"title\": \"voitures\", \"content\": \"<p data-block-key=\\\"30glt\\\">oui</p>\"}, \"id\": \"0bb5f174-73ac-47df-ad42-7354fceb004f\"}]",
      "timeline": "[{\"type\": \"Event\", \"value\": {\"title\": \"Polytech Nantes - Ing\\u00e9nieur en Electronique et Technologies Num\\u00e9riques\", \"year\": \"2022 - 2027\", \"description\": \"<p data-block-key=\\\"p9mid\\\">oui</p>\"}, \"id\": \"e6a90429-94ba-49df-b7c9-4a3ca3acfffb\"}]",
      "url_path": "/homepage-1/",
      "expire_at": null,
      "locked_at": null,
      "locked_by": null,
      "seo_title": "",
      "go_live_at": null,
      "draft_title": "HomePage",
      "content_type": 33,
      "live_revision": 14,
      "show_in_menus": false,
      "latest_revision": 14,
      "translation_key": "05374286-3c6c-4189-ada6-3530bc0e8063",
      "last_published_at": "2024-06-20T09:55:12.559Z",
      "first_published_at": "2024-06-14T12:03:13.519Z",
      "search_description": "",
      "wagtail_admin_comments": [],
      "has_unpublished_changes": false,
      "latest_revision_created_at": "2024-06-20T09:55:12.499Z"
    },
    "approved_go_live_at": null
  }
},
{
  "model": "wagtailcore.revision",
  "pk": 16,
  "fields": {
    "content_type": [
      "website",
      "homepage"
    ],
    "base_content_type": [
      "wagtailcore",
      "page"
    ],
    "object_id": "7",
    "created_at": "2024-06-20T09:56:03.893Z",
    "user": [
      "greg"
    ],
    "object_str": "Home",
    "content": {
      "pk": 7,
      "live": true,
      "path": "00010004",
      "slug": "homepage-1",
      "depth": 2,
      "owner": 1,
      "title": "Home",
      "locale": 2,
      "locked": false,
      "expired": false,
      "about_me": "<p data-block-key=\"by500\">english Passionné par l’informatique, j’aime réaliser des projets innovants et captivants. J'apprécie tout particulièrement la création de systèmes bien réfléchis, évolutifs et possédant un code de grande qualité. Je suis en effet à la recherche des meilleures solutions pour créer des sites web scalables ou comment organiser la hiérarchie d'un projet pour qu’il y ait le moins de friction possibles. Tout cela m'intéresse énormément.</p><p data-block-key=\"9g5e9\">Je m'intéresse aussi à l’électronique. Je souhaite connaitre et comprendre toutes les couches des ordinateurs : du circuit électronique au logiciel. J’aime l’idée d'optimiser des logiciels à ce point là, bien que pour des projets réels cela n’est pas envisageable. Simplement pour le défi et afin de voir ce qui est possible, optimiser des systèmes mé fascine. Cela me permet de coder en étant conscient des problèmes d'optimisation et de performance.</p><p data-block-key=\"9dtgi\">Je suis aussi intéressé par le déploiement d'applications continu, les serveurs et la sécurité, internet et créer des réseaux redondant, stable et de qualité, linux.</p>",
      "alias_of": null,
      "numchild": 1,
      "passions": "[{\"type\": \"Passion\", \"value\": {\"title\": \"voitures\", \"content\": \"<p data-block-key=\\\"30glt\\\">oui</p>\"}, \"id\": \"0bb5f174-73ac-47df-ad42-7354fceb004f\"}]",
      "timeline": "[{\"type\": \"Event\", \"value\": {\"title\": \"Polytech Nantes - Ing\\u00e9nieur en Electronique et Technologies Num\\u00e9riques\", \"year\": \"2022 - 2027\", \"description\": \"<p data-block-key=\\\"p9mid\\\">oui</p>\"}, \"id\": \"e6a90429-94ba-49df-b7c9-4a3ca3acfffb\"}]",
      "url_path": "/homepage-1/",
      "expire_at": null,
      "locked_at": null,
      "locked_by": null,
      "seo_title": "",
      "go_live_at": null,
      "draft_title": "Home",
      "content_type": 33,
      "live_revision": 15,
      "show_in_menus": false,
      "latest_revision": 15,
      "translation_key": "05374286-3c6c-4189-ada6-3530bc0e8063",
      "last_published_at": "2024-06-20T09:55:20.859Z",
      "first_published_at": "2024-06-14T12:03:13.519Z",
      "search_description": "",
      "wagtail_admin_comments": [],
      "has_unpublished_changes": false,
      "latest_revision_created_at": "2024-06-20T09:55:20.802Z"
    },
    "approved_go_live_at": null
  }
},
{
  "model": "wagtailcore.revision",
  "pk": 17,
  "fields": {
    "content_type": [
      "project",
      "projectspage"
    ],
    "base_content_type": [
      "wagtailcore",
      "page"
    ],
    "object_id": "4",
    "created_at": "2024-06-20T14:34:34.155Z",
    "user": [
      "greg"
    ],
    "object_str": "Projets",
    "content": {
      "pk": 4,
      "live": true,
      "path": "000100020001",
      "slug": "projects",
      "depth": 3,
      "owner": 1,
      "title": "Projets",
      "locale": 1,
      "locked": false,
      "expired": false,
      "alias_of": null,
      "numchild": 1,
      "url_path": "/homepage/projects/",
      "expire_at": null,
      "locked_at": null,
      "locked_by": null,
      "seo_title": "",
      "go_live_at": null,
      "draft_title": "projects",
      "content_type": 34,
      "live_revision": 2,
      "show_in_menus": false,
      "latest_revision": 2,
      "translation_key": "0feb2505-4570-4109-8791-9713a835d36b",
      "last_published_at": "2024-06-14T12:04:17.129Z",
      "first_published_at": "2024-06-14T12:04:17.129Z",
      "search_description": "",
      "wagtail_admin_comments": [],
      "has_unpublished_changes": false,
      "latest_revision_created_at": "2024-06-14T12:04:17.063Z"
    },
    "approved_go_live_at": null
  }
},
{
  "model": "wagtailcore.revision",
  "pk": 18,
  "fields": {
    "content_type": [
      "project",
      "projectspage"
    ],
    "base_content_type": [
      "wagtailcore",
      "page"
    ],
    "object_id": "8",
    "created_at": "2024-06-20T14:35:28.700Z",
    "user": [
      "greg"
    ],
    "object_str": "Projets",
    "content": {
      "pk": 8,
      "live": true,
      "path": "000100040001",
      "slug": "projects",
      "depth": 3,
      "owner": 1,
      "title": "Projets",
      "locale": 2,
      "locked": false,
      "expired": false,
      "alias_of": null,
      "numchild": 1,
      "url_path": "/homepage-1/projects/",
      "expire_at": null,
      "locked_at": null,
      "locked_by": null,
      "seo_title": "",
      "go_live_at": null,
      "draft_title": "Projets",
      "content_type": 34,
      "live_revision": 2,
      "show_in_menus": false,
      "latest_revision": 2,
      "translation_key": "0feb2505-4570-4109-8791-9713a835d36b",
      "last_published_at": "2024-06-14T12:04:17.129Z",
      "first_published_at": "2024-06-14T12:04:17.129Z",
      "search_description": "",
      "wagtail_admin_comments": [],
      "has_unpublished_changes": false,
      "latest_revision_created_at": "2024-06-20T14:34:34.155Z"
    },
    "approved_go_live_at": null
  }
},
{
  "model": "wagtailcore.revision",
  "pk": 19,
  "fields": {
    "content_type": [
      "project",
      "projectspage"
    ],
    "base_content_type": [
      "wagtailcore",
      "page"
    ],
    "object_id": "8",
    "created_at": "2024-06-20T14:35:28.788Z",
    "user": [
      "greg"
    ],
    "object_str": "Projets",
    "content": {
      "pk": 8,
      "live": true,
      "path": "000100040001",
      "slug": "projects",
      "depth": 3,
      "owner": 1,
      "title": "Projets",
      "locale": 2,
      "locked": false,
      "expired": false,
      "alias_of": null,
      "numchild": 1,
      "url_path": "/homepage-1/projects/",
      "expire_at": null,
      "locked_at": null,
      "locked_by": null,
      "seo_title": "",
      "go_live_at": null,
      "draft_title": "Projets",
      "content_type": 34,
      "live_revision": 2,
      "show_in_menus": false,
      "latest_revision": 18,
      "translation_key": "0feb2505-4570-4109-8791-9713a835d36b",
      "last_published_at": "2024-06-14T12:04:17.129Z",
      "first_published_at": "2024-06-14T12:04:17.129Z",
      "search_description": "",
      "wagtail_admin_comments": [],
      "has_unpublished_changes": false,
      "latest_revision_created_at": "2024-06-20T14:35:28.700Z"
    },
    "approved_go_live_at": null
  }
},
{
  "model": "wagtailcore.revision",
  "pk": 20,
  "fields": {
    "content_type": [
      "project",
      "projectpage"
    ],
    "base_content_type": [
      "wagtailcore",
      "page"
    ],
    "object_id": "9",
    "created_at": "2024-06-20T14:35:29.154Z",
    "user": [
      "greg"
    ],
    "object_str": "You Will Eat  : Recommandation de plats prenant en compte l'activité physique pour les étudiants",
    "content": {
      "pk": 9,
      "live": true,
      "path": "0001000400010001",
      "slug": "you-will-eat",
      "depth": 4,
      "image": 1,
      "owner": 1,
      "title": "You Will Eat  : Recommandation de plats prenant en compte l'activité physique pour les étudiants",
      "locale": 2,
      "locked": false,
      "expired": false,
      "alias_of": null,
      "numchild": 0,
      "url_path": "/homepage-1/projects/you-will-eat/",
      "expire_at": null,
      "locked_at": null,
      "locked_by": null,
      "repo_link": null,
      "seo_title": "",
      "go_live_at": null,
      "description": "<p data-block-key=\"c8zr2\">You will Eat est un projet universitaire réalisé lors de l’année 2023-2024 dans le cadre de la Conférence PeiP 2024. YWE est une application de recommandation de repas prenant en compte vos goûts, vos dépenses énergétiques et la salubrité des plats. L’application communique avec un serveur où est exécuté l’algorithme de recommandation et où est stockée les données. La communication entre les deux est réalisée par une API FastAPI. Des tests unitaires et déploiement automatique avec ansible ont été mis en place pour le code de l’API. L'application est en Flutter. L’application communique avec une montre connectée estimant les dépenses énergétiques en Bluetooth low energy. La montre est un ESP32 avec un accéléromètre et un écran.</p><p data-block-key=\"jvd9\">L’algorithme de recommandation et les notions nutritionnelles utilisées dans le programme sont basés sur de multiples papiers scientifiques et nutritionnistes.</p><p data-block-key=\"4sl1k\">J’ai été le chef de projet et j’ai géré 11 autres personnes pour le bon développement de YWE ainsi qu’une partie du développement informatique.</p>",
      "draft_title": "You Will Eat  : Recommandation de plats prenant en compte l'activité physique pour les étudiants",
      "content_type": 35,
      "technologies": "[{\"type\": \"Technology\", \"value\": \"Flutter\", \"id\": \"9d656b3c-42c6-4246-bd47-afad2adc12f5\"}, {\"type\": \"Technology\", \"value\": \"FastAPI\", \"id\": \"275135df-c59c-4a07-a349-902f9d51b96e\"}, {\"type\": \"Technology\", \"value\": \"Python\", \"id\": \"7f350249-c6dc-44f9-b897-7249dd196565\"}, {\"type\": \"Technology\", \"value\": \"Ansible\", \"id\": \"2e6cf475-24b5-4148-827e-db068ff1a84a\"}, {\"type\": \"Technology\", \"value\": \"ESP32\", \"id\": \"aad33c96-1910-47ea-af55-fcacbc8c2655\"}, {\"type\": \"Technology\", \"value\": \"BLE\", \"id\": \"08d2855a-4b58-47d0-9de0-e36742fbddaf\"}]",
      "website_link": null,
      "live_revision": 6,
      "show_in_menus": false,
      "latest_revision": 6,
      "translation_key": "7956ac65-58cd-4cca-80a8-ad49101af572",
      "last_published_at": "2024-06-15T19:37:36.575Z",
      "show_on_home_page": true,
      "first_published_at": "2024-06-14T12:05:05.624Z",
      "search_description": "",
      "wagtail_admin_comments": [],
      "has_unpublished_changes": false,
      "latest_revision_created_at": "2024-06-15T19:37:36.495Z"
    },
    "approved_go_live_at": null
  }
},
{
  "model": "wagtailcore.revision",
  "pk": 21,
  "fields": {
    "content_type": [
      "project",
      "projectpage"
    ],
    "base_content_type": [
      "wagtailcore",
      "page"
    ],
    "object_id": "9",
    "created_at": "2024-06-20T14:35:29.241Z",
    "user": [
      "greg"
    ],
    "object_str": "You Will Eat  : Recommandation de plats prenant en compte l'activité physique pour les étudiants",
    "content": {
      "pk": 9,
      "live": true,
      "path": "0001000400010001",
      "slug": "you-will-eat",
      "depth": 4,
      "image": 1,
      "owner": 1,
      "title": "You Will Eat  : Recommandation de plats prenant en compte l'activité physique pour les étudiants",
      "locale": 2,
      "locked": false,
      "expired": false,
      "alias_of": null,
      "numchild": 0,
      "url_path": "/homepage-1/projects/you-will-eat/",
      "expire_at": null,
      "locked_at": null,
      "locked_by": null,
      "repo_link": null,
      "seo_title": "",
      "go_live_at": null,
      "description": "<p data-block-key=\"c8zr2\">You will Eat est un projet universitaire réalisé lors de l’année 2023-2024 dans le cadre de la Conférence PeiP 2024. YWE est une application de recommandation de repas prenant en compte vos goûts, vos dépenses énergétiques et la salubrité des plats. L’application communique avec un serveur où est exécuté l’algorithme de recommandation et où est stockée les données. La communication entre les deux est réalisée par une API FastAPI. Des tests unitaires et déploiement automatique avec ansible ont été mis en place pour le code de l’API. L'application est en Flutter. L’application communique avec une montre connectée estimant les dépenses énergétiques en Bluetooth low energy. La montre est un ESP32 avec un accéléromètre et un écran.</p><p data-block-key=\"jvd9\">L’algorithme de recommandation et les notions nutritionnelles utilisées dans le programme sont basés sur de multiples papiers scientifiques et nutritionnistes.</p><p data-block-key=\"4sl1k\">J’ai été le chef de projet et j’ai géré 11 autres personnes pour le bon développement de YWE ainsi qu’une partie du développement informatique.</p>",
      "draft_title": "You Will Eat  : Recommandation de plats prenant en compte l'activité physique pour les étudiants",
      "content_type": 35,
      "technologies": "[{\"type\": \"Technology\", \"value\": \"Flutter\", \"id\": \"9d656b3c-42c6-4246-bd47-afad2adc12f5\"}, {\"type\": \"Technology\", \"value\": \"FastAPI\", \"id\": \"275135df-c59c-4a07-a349-902f9d51b96e\"}, {\"type\": \"Technology\", \"value\": \"Python\", \"id\": \"7f350249-c6dc-44f9-b897-7249dd196565\"}, {\"type\": \"Technology\", \"value\": \"Ansible\", \"id\": \"2e6cf475-24b5-4148-827e-db068ff1a84a\"}, {\"type\": \"Technology\", \"value\": \"ESP32\", \"id\": \"aad33c96-1910-47ea-af55-fcacbc8c2655\"}, {\"type\": \"Technology\", \"value\": \"BLE\", \"id\": \"08d2855a-4b58-47d0-9de0-e36742fbddaf\"}]",
      "website_link": null,
      "live_revision": 6,
      "show_in_menus": false,
      "latest_revision": 20,
      "translation_key": "7956ac65-58cd-4cca-80a8-ad49101af572",
      "last_published_at": "2024-06-15T19:37:36.575Z",
      "show_on_home_page": true,
      "first_published_at": "2024-06-14T12:05:05.624Z",
      "search_description": "",
      "wagtail_admin_comments": [],
      "has_unpublished_changes": false,
      "latest_revision_created_at": "2024-06-20T14:35:29.154Z"
    },
    "approved_go_live_at": null
  }
},
{
  "model": "wagtailcore.revision",
  "pk": 22,
  "fields": {
    "content_type": [
      "project",
      "projectspage"
    ],
    "base_content_type": [
      "wagtailcore",
      "page"
    ],
    "object_id": "8",
    "created_at": "2024-06-20T14:36:54.496Z",
    "user": [
      "greg"
    ],
    "object_str": "Projects",
    "content": {
      "pk": 8,
      "live": true,
      "path": "000100040001",
      "slug": "projects",
      "depth": 3,
      "owner": 1,
      "title": "Projects",
      "locale": 2,
      "locked": false,
      "expired": false,
      "alias_of": null,
      "numchild": 1,
      "url_path": "/homepage-1/projects/",
      "expire_at": null,
      "locked_at": null,
      "locked_by": null,
      "seo_title": "",
      "go_live_at": null,
      "draft_title": "Projects",
      "content_type": 34,
      "live_revision": 19,
      "show_in_menus": false,
      "latest_revision": 19,
      "translation_key": "0feb2505-4570-4109-8791-9713a835d36b",
      "last_published_at": "2024-06-20T14:35:29.300Z",
      "first_published_at": "2024-06-14T12:04:17.129Z",
      "search_description": "",
      "wagtail_admin_comments": [],
      "has_unpublished_changes": false,
      "latest_revision_created_at": "2024-06-20T14:35:28.788Z"
    },
    "approved_go_live_at": null
  }
},
{
  "model": "wagtailcore.workflowpage",
  "pk": 1,
  "fields": {
    "workflow": 1
  }
},
{
  "model": "wagtailcore.workflowtask",
  "pk": 1,
  "fields": {
    "sort_order": 0,
    "workflow": 1,
    "task": 1
  }
},
{
  "model": "wagtailcore.task",
  "pk": 1,
  "fields": {
    "name": "Moderators approval",
    "content_type": [
      "wagtailcore",
      "groupapprovaltask"
    ],
    "active": true
  }
},
{
  "model": "wagtailcore.workflow",
  "pk": 1,
  "fields": {
    "name": "Moderators approval",
    "active": true
  }
},
{
  "model": "wagtailcore.groupapprovaltask",
  "pk": 1,
  "fields": {
    "groups": [
      [
        "Moderators"
      ]
    ]
  }
},
{
  "model": "wagtailcore.pagesubscription",
  "pk": 2,
  "fields": {
    "user": [
      "greg"
    ],
    "page": 3,
    "comment_notifications": true
  }
},
{
  "model": "wagtailcore.pagesubscription",
  "pk": 3,
  "fields": {
    "user": [
      "greg"
    ],
    "page": 4,
    "comment_notifications": true
  }
},
{
  "model": "wagtailcore.pagesubscription",
  "pk": 4,
  "fields": {
    "user": [
      "greg"
    ],
    "page": 5,
    "comment_notifications": true
  }
}
]
